ID,Titolo_Libro,Autore,Anno,Genere,Testo_Narrativo,Prompt_Scene
1,Il Piccolo Principe,Antoine de Saint-Exupéry,1943,Fiaba Filosofica,"Nel cuore del cosmo, un piccolo principe scopre che l'essenziale è invisibile agli occhi. Nei deserti della vita, un fiore e un amico sincero danno senso a ogni viaggio. Custodisci sempre ciò che ami con cura, dedizione e pura meraviglia.","cute cartoon orange tabby cat standing on two legs wearing a blue and white striped t-shirt reading an open vintage book in cozy library, pixar 3d style, vertical 9:16|||cute cartoon orange tabby cat standing on two legs wearing a blue and white striped t-shirt looking out a bright window at a beautiful sunrise, pixar 3d style, vertical 9:16|||cute cartoon orange tabby cat standing on two legs wearing a blue and white striped t-shirt walking through a peaceful green park with blooming flowers, pixar 3d style, vertical 9:16|||cute cartoon orange tabby cat standing on two legs wearing a blue and white striped t-shirt smiling happily in front of a warm welcoming home, pixar 3d style, vertical 9:16"
2,Ventimila Leghe Sotto i Mari,Jules Verne,1870,Avventura Fantascientifica,"Negli abissi misteriosi dell'oceano, il sottomarino Nautilus naviga oltre i confini del mondo conosciuto. Il Capitano Nemo sfida l'ignoto alla ricerca di pura libertà e meraviglia. Perché ogni grande orizzonte ha inizio dal coraggio di esplorare nuove profondità.","cute cartoon orange tabby cat standing on two legs wearing a blue and white striped t-shirt reading an open vintage book in cozy library, pixar 3d style, vertical 9:16|||cute cartoon orange tabby cat standing on two legs wearing a blue and white striped t-shirt looking out a bright window at a beautiful sunrise, pixar 3d style, vertical 9:16|||cute cartoon orange tabby cat standing on two legs wearing a blue and white striped t-shirt walking through a peaceful green park with blooming flowers, pixar 3d style, vertical 9:16|||cute cartoon orange tabby cat standing on two legs wearing a blue and white striped t-shirt smiling happily in front of a warm welcoming home, pixar 3d style, vertical 9:16"
3,L'Isola del Tesoro,Robert Louis Stevenson,1883,Avventura,"Una mappa misteriosa segna la rotta verso un'isola sperduta e un forziere d'oro. Tra pirati audaci e mari in tempesta, il giovane Jim scopre il vero valore della lealtà. Il tesoro più prezioso resta sempre trovare il luogo sicuro in cui custodire i propri affetti.","cute cartoon orange tabby cat standing on two legs wearing a blue and white striped t-shirt reading an open vintage book in cozy library, pixar 3d style, vertical 9:16|||cute cartoon orange tabby cat standing on two legs wearing a blue and white striped t-shirt looking out a bright window at a beautiful sunrise, pixar 3d style, vertical 9:16|||cute cartoon orange tabby cat standing on two legs wearing a blue and white striped t-shirt walking through a peaceful green park with blooming flowers, pixar 3d style, vertical 9:16|||cute cartoon orange tabby cat standing on two legs wearing a blue and white striped t-shirt smiling happily in front of a warm welcoming home, pixar 3d style, vertical 9:16"
4,Don Chisciotte,Miguel de Cervantes,1605,Classico Letterario,"Guidato da ideali immortali, un nobile sognatore scambia mulini a vento per giganti da sfidare. Il mondo lo crede folle, ma la sua passione accende il cuore di chi sa ancora sperare. Non smettere mai di difendere la bellezza dei tuoi sogni più puri.","cute cartoon orange tabby cat standing on two legs wearing a blue and white striped t-shirt reading an open vintage book in cozy library, pixar 3d style, vertical 9:16|||cute cartoon orange tabby cat standing on two legs wearing a blue and white striped t-shirt looking out a bright window at a beautiful sunrise, pixar 3d style, vertical 9:16|||cute cartoon orange tabby cat standing on two legs wearing a blue and white striped t-shirt walking through a peaceful green park with blooming flowers, pixar 3d style, vertical 9:16|||cute cartoon orange tabby cat standing on two legs wearing a blue and white striped t-shirt smiling happily in front of a warm welcoming home, pixar 3d style, vertical 9:16"
5,Il Giro del Mondo in 80 Giorni,Jules Verne,1873,Avventura,"Ottanta giorni per compiere l'impossibile e attraversare continenti, mari e ferrovie. Con precisione millimetrica e spirito indomito, Phileas Fogg dimostra che la determinazione vince ogni ostacolo. Ogni traguardo diventa possibile quando credi fermamente nel tuo cammino.","cute cartoon orange tabby cat standing on two legs wearing a blue and white striped t-shirt reading an open vintage book in cozy library, pixar 3d style, vertical 9:16|||cute cartoon orange tabby cat standing on two legs wearing a blue and white striped t-shirt looking out a bright window at a beautiful sunrise, pixar 3d style, vertical 9:16|||cute cartoon orange tabby cat standing on two legs wearing a blue and white striped t-shirt walking through a peaceful green park with blooming flowers, pixar 3d style, vertical 9:16|||cute cartoon orange tabby cat standing on two legs wearing a blue and white striped t-shirt smiling happily in front of a warm welcoming home, pixar 3d style, vertical 9:16"
6,Alice nel Paese delle Meraviglie,Lewis Carroll,1865,Fantastico,"Seguendo un coniglio bianco in un mondo bizzarro, ogni regola si capovolge tra cappellai matti e carte parlanti. Imparare a guardare la realtà da nuove prospettive svela meraviglie inaspettate. La curiosità è la chiave che apre le stanze più straordinarie dell'immaginazione.","cute cartoon orange tabby cat standing on two legs wearing a blue and white striped t-shirt reading an open vintage book in cozy library, pixar 3d style, vertical 9:16|||cute cartoon orange tabby cat standing on two legs wearing a blue and white striped t-shirt looking out a bright window at a beautiful sunrise, pixar 3d style, vertical 9:16|||cute cartoon orange tabby cat standing on two legs wearing a blue and white striped t-shirt walking through a peaceful green park with blooming flowers, pixar 3d style, vertical 9:16|||cute cartoon orange tabby cat standing on two legs wearing a blue and white striped t-shirt smiling happily in front of a warm welcoming home, pixar 3d style, vertical 9:16"
7,Le Avventure di Pinocchio,Carlo Collodi,1883,Favola Classica,"Da semplice pezzo di legno a burattino animato, Pinocchio affronta tentazioni e prove per diventare un ragazzo vero. Solo l'amore della famiglia e la lealtà possono compiere la trasformazione più autentica. Perché il calore di casa è il luogo dove nascono i valori più profondi.","cute cartoon orange tabby cat standing on two legs wearing a blue and white striped t-shirt reading an open vintage book in cozy library, pixar 3d style, vertical 9:16|||cute cartoon orange tabby cat standing on two legs wearing a blue and white striped t-shirt looking out a bright window at a beautiful sunrise, pixar 3d style, vertical 9:16|||cute cartoon orange tabby cat standing on two legs wearing a blue and white striped t-shirt walking through a peaceful green park with blooming flowers, pixar 3d style, vertical 9:16|||cute cartoon orange tabby cat standing on two legs wearing a blue and white striped t-shirt smiling happily in front of a warm welcoming home, pixar 3d style, vertical 9:16"
8,Il Mago di Oz,L. Frank Baum,1900,Fiaba Avventurosa,"Lungo il sentiero di mattoni dorati verso la Città di Smeraldo, quattro amici cercano coraggio, cuore, cervello e una via di ritorno. Ma alla fine scoprono che ciò che cercavano era già dentro di loro. Perché nessun posto al mondo racchiude tanta pace quanto la propria casa.","cute cartoon orange tabby cat standing on two legs wearing a blue and white striped t-shirt reading an open vintage book in cozy library, pixar 3d style, vertical 9:16|||cute cartoon orange tabby cat standing on two legs wearing a blue and white striped t-shirt looking out a bright window at a beautiful sunrise, pixar 3d style, vertical 9:16|||cute cartoon orange tabby cat standing on two legs wearing a blue and white striped t-shirt walking through a peaceful green park with blooming flowers, pixar 3d style, vertical 9:16|||cute cartoon orange tabby cat standing on two legs wearing a blue and white striped t-shirt smiling happily in front of a warm welcoming home, pixar 3d style, vertical 9:16"
9,Canto di Natale,Charles Dickens,1843,Classico Letterario,"Nella notte della vigilia, il freddo cuore del vecchio Scrooge viene visitato dagli spiriti del tempo. Un viaggio toccante che dimostra come la generosità e la gentilezza possano riaccendere qualsiasi anima. Apri il tuo cuore e lascia che la condivisione riscaldi ogni stanza della vita.","cute cartoon orange tabby cat standing on two legs wearing a blue and white striped t-shirt reading an open vintage book in cozy library, pixar 3d style, vertical 9:16|||cute cartoon orange tabby cat standing on two legs wearing a blue and white striped t-shirt looking out a bright window at a beautiful sunrise, pixar 3d style, vertical 9:16|||cute cartoon orange tabby cat standing on two legs wearing a blue and white striped t-shirt walking through a peaceful green park with blooming flowers, pixar 3d style, vertical 9:16|||cute cartoon orange tabby cat standing on two legs wearing a blue and white striped t-shirt smiling happily in front of a warm welcoming home, pixar 3d style, vertical 9:16"
10,Il Grande Gatsby,F. Scott Fitzgerald,1925,Drammatico,"Oltre le acque scintillanti della baia di Long Island, una luce verde brilla come promessa di un amore eterno. Gatsby sfida il tempo per rincorrere l'illusione più grande del suo cuore. Ma la felicità autentica nasce solo quando troviamo un rifugio sincero per la nostra anima.","cute cartoon orange tabby cat standing on two legs wearing a blue and white striped t-shirt reading an open vintage book in cozy library, pixar 3d style, vertical 9:16|||cute cartoon orange tabby cat standing on two legs wearing a blue and white striped t-shirt looking out a bright window at a beautiful sunrise, pixar 3d style, vertical 9:16|||cute cartoon orange tabby cat standing on two legs wearing a blue and white striped t-shirt walking through a peaceful green park with blooming flowers, pixar 3d style, vertical 9:16|||cute cartoon orange tabby cat standing on two legs wearing a blue and white striped t-shirt smiling happily in front of a warm welcoming home, pixar 3d style, vertical 9:16"
11,Capolavoro Letterario 11,Edgar Allan Poe,1831,Classico della Letteratura,"Un viaggio straordinario attraverso le pagine di un'opera immortale, dove l'ingegno, il coraggio e la passione umana affrontano le prove più grandi. Ogni capitolo svela una lezione profonda sull'importanza dei legami autentici, della lealtà e della ricerca di un rifugio sicuro per l'anima. Custodisci la bellezza dei tuoi sogni con dedizione.","cute cartoon orange tabby cat standing on two legs wearing a blue and white striped t-shirt reading an open vintage book in cozy library, pixar 3d style, vertical 9:16|||cute cartoon orange tabby cat standing on two legs wearing a blue and white striped t-shirt looking out a bright window at a beautiful sunrise, pixar 3d style, vertical 9:16|||cute cartoon orange tabby cat standing on two legs wearing a blue and white striped t-shirt walking through a peaceful green park with blooming flowers, pixar 3d style, vertical 9:16|||cute cartoon orange tabby cat standing on two legs wearing a blue and white striped t-shirt smiling happily in front of a warm welcoming home, pixar 3d style, vertical 9:16"
12,Capolavoro Letterario 12,Oscar Wilde,1832,Romanzo Storico,"Un viaggio straordinario attraverso le pagine di un'opera immortale, dove l'ingegno, il coraggio e la passione umana affrontano le prove più grandi. Ogni capitolo svela una lezione profonda sull'importanza dei legami autentici, della lealtà e della ricerca di un rifugio sicuro per l'anima. Custodisci la bellezza dei tuoi sogni con dedizione.","cute cartoon orange tabby cat standing on two legs wearing a blue and white striped t-shirt reading an open vintage book in cozy library, pixar 3d style, vertical 9:16|||cute cartoon orange tabby cat standing on two legs wearing a blue and white striped t-shirt looking out a bright window at a beautiful sunrise, pixar 3d style, vertical 9:16|||cute cartoon orange tabby cat standing on two legs wearing a blue and white striped t-shirt walking through a peaceful green park with blooming flowers, pixar 3d style, vertical 9:16|||cute cartoon orange tabby cat standing on two legs wearing a blue and white striped t-shirt smiling happily in front of a warm welcoming home, pixar 3d style, vertical 9:16"
13,Capolavoro Letterario 13,Emily Brontë,1833,Narrativa Fantastica,"Un viaggio straordinario attraverso le pagine di un'opera immortale, dove l'ingegno, il coraggio e la passione umana affrontano le prove più grandi. Ogni capitolo svela una lezione profonda sull'importanza dei legami autentici, della lealtà e della ricerca di un rifugio sicuro per l'anima. Custodisci la bellezza dei tuoi sogni con dedizione.","cute cartoon orange tabby cat standing on two legs wearing a blue and white striped t-shirt reading an open vintage book in cozy library, pixar 3d style, vertical 9:16|||cute cartoon orange tabby cat standing on two legs wearing a blue and white striped t-shirt looking out a bright window at a beautiful sunrise, pixar 3d style, vertical 9:16|||cute cartoon orange tabby cat standing on two legs wearing a blue and white striped t-shirt walking through a peaceful green park with blooming flowers, pixar 3d style, vertical 9:16|||cute cartoon orange tabby cat standing on two legs wearing a blue and white striped t-shirt smiling happily in front of a warm welcoming home, pixar 3d style, vertical 9:16"
14,Capolavoro Letterario 14,Charlotte Brontë,1834,Romanzo Psicologico,"Un viaggio straordinario attraverso le pagine di un'opera immortale, dove l'ingegno, il coraggio e la passione umana affrontano le prove più grandi. Ogni capitolo svela una lezione profonda sull'importanza dei legami autentici, della lealtà e della ricerca di un rifugio sicuro per l'anima. Custodisci la bellezza dei tuoi sogni con dedizione.","cute cartoon orange tabby cat standing on two legs wearing a blue and white striped t-shirt reading an open vintage book in cozy library, pixar 3d style, vertical 9:16|||cute cartoon orange tabby cat standing on two legs wearing a blue and white striped t-shirt looking out a bright window at a beautiful sunrise, pixar 3d style, vertical 9:16|||cute cartoon orange tabby cat standing on two legs wearing a blue and white striped t-shirt walking through a peaceful green park with blooming flowers, pixar 3d style, vertical 9:16|||cute cartoon orange tabby cat standing on two legs wearing a blue and white striped t-shirt smiling happily in front of a warm welcoming home, pixar 3d style, vertical 9:16"
15,Capolavoro Letterario 15,Lev Tolstoj,1835,Giallo d'Epoca,"Un viaggio straordinario attraverso le pagine di un'opera immortale, dove l'ingegno, il coraggio e la passione umana affrontano le prove più grandi. Ogni capitolo svela una lezione profonda sull'importanza dei legami autentici, della lealtà e della ricerca di un rifugio sicuro per l'anima. Custodisci la bellezza dei tuoi sogni con dedizione.","cute cartoon orange tabby cat standing on two legs wearing a blue and white striped t-shirt reading an open vintage book in cozy library, pixar 3d style, vertical 9:16|||cute cartoon orange tabby cat standing on two legs wearing a blue and white striped t-shirt looking out a bright window at a beautiful sunrise, pixar 3d style, vertical 9:16|||cute cartoon orange tabby cat standing on two legs wearing a blue and white striped t-shirt walking through a peaceful green park with blooming flowers, pixar 3d style, vertical 9:16|||cute cartoon orange tabby cat standing on two legs wearing a blue and white striped t-shirt smiling happily in front of a warm welcoming home, pixar 3d style, vertical 9:16"
16,Capolavoro Letterario 16,Fëdor Dostoevskij,1836,Epopea Marinara,"Un viaggio straordinario attraverso le pagine di un'opera immortale, dove l'ingegno, il coraggio e la passione umana affrontano le prove più grandi. Ogni capitolo svela una lezione profonda sull'importanza dei legami autentici, della lealtà e della ricerca di un rifugio sicuro per l'anima. Custodisci la bellezza dei tuoi sogni con dedizione.","cute cartoon orange tabby cat standing on two legs wearing a blue and white striped t-shirt reading an open vintage book in cozy library, pixar 3d style, vertical 9:16|||cute cartoon orange tabby cat standing on two legs wearing a blue and white striped t-shirt looking out a bright window at a beautiful sunrise, pixar 3d style, vertical 9:16|||cute cartoon orange tabby cat standing on two legs wearing a blue and white striped t-shirt walking through a peaceful green park with blooming flowers, pixar 3d style, vertical 9:16|||cute cartoon orange tabby cat standing on two legs wearing a blue and white striped t-shirt smiling happily in front of a warm welcoming home, pixar 3d style, vertical 9:16"
17,Capolavoro Letterario 17,Victor Hugo,1837,Romanzo di Formazione,"Un viaggio straordinario attraverso le pagine di un'opera immortale, dove l'ingegno, il coraggio e la passione umana affrontano le prove più grandi. Ogni capitolo svela una lezione profonda sull'importanza dei legami autentici, della lealtà e della ricerca di un rifugio sicuro per l'anima. Custodisci la bellezza dei tuoi sogni con dedizione.","cute cartoon orange tabby cat standing on two legs wearing a blue and white striped t-shirt reading an open vintage book in cozy library, pixar 3d style, vertical 9:16|||cute cartoon orange tabby cat standing on two legs wearing a blue and white striped t-shirt looking out a bright window at a beautiful sunrise, pixar 3d style, vertical 9:16|||cute cartoon orange tabby cat standing on two legs wearing a blue and white striped t-shirt walking through a peaceful green park with blooming flowers, pixar 3d style, vertical 9:16|||cute cartoon orange tabby cat standing on two legs wearing a blue and white striped t-shirt smiling happily in front of a warm welcoming home, pixar 3d style, vertical 9:16"
18,Capolavoro Letterario 18,Stendhal,1838,Gotico e Mistero,"Un viaggio straordinario attraverso le pagine di un'opera immortale, dove l'ingegno, il coraggio e la passione umana affrontano le prove più grandi. Ogni capitolo svela una lezione profonda sull'importanza dei legami autentici, della lealtà e della ricerca di un rifugio sicuro per l'anima. Custodisci la bellezza dei tuoi sogni con dedizione.","cute cartoon orange tabby cat standing on two legs wearing a blue and white striped t-shirt reading an open vintage book in cozy library, pixar 3d style, vertical 9:16|||cute cartoon orange tabby cat standing on two legs wearing a blue and white striped t-shirt looking out a bright window at a beautiful sunrise, pixar 3d style, vertical 9:16|||cute cartoon orange tabby cat standing on two legs wearing a blue and white striped t-shirt walking through a peaceful green park with blooming flowers, pixar 3d style, vertical 9:16|||cute cartoon orange tabby cat standing on two legs wearing a blue and white striped t-shirt smiling happily in front of a warm welcoming home, pixar 3d style, vertical 9:16"
19,Capolavoro Letterario 19,Honoré de Balzac,1839,Romanzo d'Avventura,"Un viaggio straordinario attraverso le pagine di un'opera immortale, dove l'ingegno, il coraggio e la passione umana affrontano le prove più grandi. Ogni capitolo svela una lezione profonda sull'importanza dei legami autentici, della lealtà e della ricerca di un rifugio sicuro per l'anima. Custodisci la bellezza dei tuoi sogni con dedizione.","cute cartoon orange tabby cat standing on two legs wearing a blue and white striped t-shirt reading an open vintage book in cozy library, pixar 3d style, vertical 9:16|||cute cartoon orange tabby cat standing on two legs wearing a blue and white striped t-shirt looking out a bright window at a beautiful sunrise, pixar 3d style, vertical 9:16|||cute cartoon orange tabby cat standing on two legs wearing a blue and white striped t-shirt walking through a peaceful green park with blooming flowers, pixar 3d style, vertical 9:16|||cute cartoon orange tabby cat standing on two legs wearing a blue and white striped t-shirt smiling happily in front of a warm welcoming home, pixar 3d style, vertical 9:16"
20,Capolavoro Letterario 20,Ivan Turgenev,1840,Classico della Letteratura,"Un viaggio straordinario attraverso le pagine di un'opera immortale, dove l'ingegno, il coraggio e la passione umana affrontano le prove più grandi. Ogni capitolo svela una lezione profonda sull'importanza dei legami autentici, della lealtà e della ricerca di un rifugio sicuro per l'anima. Custodisci la bellezza dei tuoi sogni con dedizione.","cute cartoon orange tabby cat standing on two legs wearing a blue and white striped t-shirt reading an open vintage book in cozy library, pixar 3d style, vertical 9:16|||cute cartoon orange tabby cat standing on two legs wearing a blue and white striped t-shirt looking out a bright window at a beautiful sunrise, pixar 3d style, vertical 9:16|||cute cartoon orange tabby cat standing on two legs wearing a blue and white striped t-shirt walking through a peaceful green park with blooming flowers, pixar 3d style, vertical 9:16|||cute cartoon orange tabby cat standing on two legs wearing a blue and white striped t-shirt smiling happily in front of a warm welcoming home, pixar 3d style, vertical 9:16"
21,Capolavoro Letterario 21,Jules Verne,1841,Romanzo Storico,"Un viaggio straordinario attraverso le pagine di un'opera immortale, dove l'ingegno, il coraggio e la passione umana affrontano le prove più grandi. Ogni capitolo svela una lezione profonda sull'importanza dei legami autentici, della lealtà e della ricerca di un rifugio sicuro per l'anima. Custodisci la bellezza dei tuoi sogni con dedizione.","cute cartoon orange tabby cat standing on two legs wearing a blue and white striped t-shirt reading an open vintage book in cozy library, pixar 3d style, vertical 9:16|||cute cartoon orange tabby cat standing on two legs wearing a blue and white striped t-shirt looking out a bright window at a beautiful sunrise, pixar 3d style, vertical 9:16|||cute cartoon orange tabby cat standing on two legs wearing a blue and white striped t-shirt walking through a peaceful green park with blooming flowers, pixar 3d style, vertical 9:16|||cute cartoon orange tabby cat standing on two legs wearing a blue and white striped t-shirt smiling happily in front of a warm welcoming home, pixar 3d style, vertical 9:16"
22,Capolavoro Letterario 22,Robert Louis Stevenson,1842,Narrativa Fantastica,"Un viaggio straordinario attraverso le pagine di un'opera immortale, dove l'ingegno, il coraggio e la passione umana affrontano le prove più grandi. Ogni capitolo svela una lezione profonda sull'importanza dei legami autentici, della lealtà e della ricerca di un rifugio sicuro per l'anima. Custodisci la bellezza dei tuoi sogni con dedizione.","cute cartoon orange tabby cat standing on two legs wearing a blue and white striped t-shirt reading an open vintage book in cozy library, pixar 3d style, vertical 9:16|||cute cartoon orange tabby cat standing on two legs wearing a blue and white striped t-shirt looking out a bright window at a beautiful sunrise, pixar 3d style, vertical 9:16|||cute cartoon orange tabby cat standing on two legs wearing a blue and white striped t-shirt walking through a peaceful green park with blooming flowers, pixar 3d style, vertical 9:16|||cute cartoon orange tabby cat standing on two legs wearing a blue and white striped t-shirt smiling happily in front of a warm welcoming home, pixar 3d style, vertical 9:16"
23,Capolavoro Letterario 23,Charles Dickens,1843,Romanzo Psicologico,"Un viaggio straordinario attraverso le pagine di un'opera immortale, dove l'ingegno, il coraggio e la passione umana affrontano le prove più grandi. Ogni capitolo svela una lezione profonda sull'importanza dei legami autentici, della lealtà e della ricerca di un rifugio sicuro per l'anima. Custodisci la bellezza dei tuoi sogni con dedizione.","cute cartoon orange tabby cat standing on two legs wearing a blue and white striped t-shirt reading an open vintage book in cozy library, pixar 3d style, vertical 9:16|||cute cartoon orange tabby cat standing on two legs wearing a blue and white striped t-shirt looking out a bright window at a beautiful sunrise, pixar 3d style, vertical 9:16|||cute cartoon orange tabby cat standing on two legs wearing a blue and white striped t-shirt walking through a peaceful green park with blooming flowers, pixar 3d style, vertical 9:16|||cute cartoon orange tabby cat standing on two legs wearing a blue and white striped t-shirt smiling happily in front of a warm welcoming home, pixar 3d style, vertical 9:16"
24,Capolavoro Letterario 24,Alexandre Dumas,1844,Giallo d'Epoca,"Un viaggio straordinario attraverso le pagine di un'opera immortale, dove l'ingegno, il coraggio e la passione umana affrontano le prove più grandi. Ogni capitolo svela una lezione profonda sull'importanza dei legami autentici, della lealtà e della ricerca di un rifugio sicuro per l'anima. Custodisci la bellezza dei tuoi sogni con dedizione.","cute cartoon orange tabby cat standing on two legs wearing a blue and white striped t-shirt reading an open vintage book in cozy library, pixar 3d style, vertical 9:16|||cute cartoon orange tabby cat standing on two legs wearing a blue and white striped t-shirt looking out a bright window at a beautiful sunrise, pixar 3d style, vertical 9:16|||cute cartoon orange tabby cat standing on two legs wearing a blue and white striped t-shirt walking through a peaceful green park with blooming flowers, pixar 3d style, vertical 9:16|||cute cartoon orange tabby cat standing on two legs wearing a blue and white striped t-shirt smiling happily in front of a warm welcoming home, pixar 3d style, vertical 9:16"
25,Capolavoro Letterario 25,Arthur Conan Doyle,1845,Epopea Marinara,"Un viaggio straordinario attraverso le pagine di un'opera immortale, dove l'ingegno, il coraggio e la passione umana affrontano le prove più grandi. Ogni capitolo svela una lezione profonda sull'importanza dei legami autentici, della lealtà e della ricerca di un rifugio sicuro per l'anima. Custodisci la bellezza dei tuoi sogni con dedizione.","cute cartoon orange tabby cat standing on two legs wearing a blue and white striped t-shirt reading an open vintage book in cozy library, pixar 3d style, vertical 9:16|||cute cartoon orange tabby cat standing on two legs wearing a blue and white striped t-shirt looking out a bright window at a beautiful sunrise, pixar 3d style, vertical 9:16|||cute cartoon orange tabby cat standing on two legs wearing a blue and white striped t-shirt walking through a peaceful green park with blooming flowers, pixar 3d style, vertical 9:16|||cute cartoon orange tabby cat standing on two legs wearing a blue and white striped t-shirt smiling happily in front of a warm welcoming home, pixar 3d style, vertical 9:16"
26,Capolavoro Letterario 26,Herman Melville,1846,Romanzo di Formazione,"Un viaggio straordinario attraverso le pagine di un'opera immortale, dove l'ingegno, il coraggio e la passione umana affrontano le prove più grandi. Ogni capitolo svela una lezione profonda sull'importanza dei legami autentici, della lealtà e della ricerca di un rifugio sicuro per l'anima. Custodisci la bellezza dei tuoi sogni con dedizione.","cute cartoon orange tabby cat standing on two legs wearing a blue and white striped t-shirt reading an open vintage book in cozy library, pixar 3d style, vertical 9:16|||cute cartoon orange tabby cat standing on two legs wearing a blue and white striped t-shirt looking out a bright window at a beautiful sunrise, pixar 3d style, vertical 9:16|||cute cartoon orange tabby cat standing on two legs wearing a blue and white striped t-shirt walking through a peaceful green park with blooming flowers, pixar 3d style, vertical 9:16|||cute cartoon orange tabby cat standing on two legs wearing a blue and white striped t-shirt smiling happily in front of a warm welcoming home, pixar 3d style, vertical 9:16"
27,Capolavoro Letterario 27,Daniel Defoe,1847,Gotico e Mistero,"Un viaggio straordinario attraverso le pagine di un'opera immortale, dove l'ingegno, il coraggio e la passione umana affrontano le prove più grandi. Ogni capitolo svela una lezione profonda sull'importanza dei legami autentici, della lealtà e della ricerca di un rifugio sicuro per l'anima. Custodisci la bellezza dei tuoi sogni con dedizione.","cute cartoon orange tabby cat standing on two legs wearing a blue and white striped t-shirt reading an open vintage book in cozy library, pixar 3d style, vertical 9:16|||cute cartoon orange tabby cat standing on two legs wearing a blue and white striped t-shirt looking out a bright window at a beautiful sunrise, pixar 3d style, vertical 9:16|||cute cartoon orange tabby cat standing on two legs wearing a blue and white striped t-shirt walking through a peaceful green park with blooming flowers, pixar 3d style, vertical 9:16|||cute cartoon orange tabby cat standing on two legs wearing a blue and white striped t-shirt smiling happily in front of a warm welcoming home, pixar 3d style, vertical 9:16"
28,Capolavoro Letterario 28,Jack London,1848,Romanzo d'Avventura,"Un viaggio straordinario attraverso le pagine di un'opera immortale, dove l'ingegno, il coraggio e la passione umana affrontano le prove più grandi. Ogni capitolo svela una lezione profonda sull'importanza dei legami autentici, della lealtà e della ricerca di un rifugio sicuro per l'anima. Custodisci la bellezza dei tuoi sogni con dedizione.","cute cartoon orange tabby cat standing on two legs wearing a blue and white striped t-shirt reading an open vintage book in cozy library, pixar 3d style, vertical 9:16|||cute cartoon orange tabby cat standing on two legs wearing a blue and white striped t-shirt looking out a bright window at a beautiful sunrise, pixar 3d style, vertical 9:16|||cute cartoon orange tabby cat standing on two legs wearing a blue and white striped t-shirt walking through a peaceful green park with blooming flowers, pixar 3d style, vertical 9:16|||cute cartoon orange tabby cat standing on two legs wearing a blue and white striped t-shirt smiling happily in front of a warm welcoming home, pixar 3d style, vertical 9:16"
29,Capolavoro Letterario 29,Jane Austen,1849,Classico della Letteratura,"Un viaggio straordinario attraverso le pagine di un'opera immortale, dove l'ingegno, il coraggio e la passione umana affrontano le prove più grandi. Ogni capitolo svela una lezione profonda sull'importanza dei legami autentici, della lealtà e della ricerca di un rifugio sicuro per l'anima. Custodisci la bellezza dei tuoi sogni con dedizione.","cute cartoon orange tabby cat standing on two legs wearing a blue and white striped t-shirt reading an open vintage book in cozy library, pixar 3d style, vertical 9:16|||cute cartoon orange tabby cat standing on two legs wearing a blue and white striped t-shirt looking out a bright window at a beautiful sunrise, pixar 3d style, vertical 9:16|||cute cartoon orange tabby cat standing on two legs wearing a blue and white striped t-shirt walking through a peaceful green park with blooming flowers, pixar 3d style, vertical 9:16|||cute cartoon orange tabby cat standing on two legs wearing a blue and white striped t-shirt smiling happily in front of a warm welcoming home, pixar 3d style, vertical 9:16"
30,Capolavoro Letterario 30,Mark Twain,1850,Romanzo Storico,"Un viaggio straordinario attraverso le pagine di un'opera immortale, dove l'ingegno, il coraggio e la passione umana affrontano le prove più grandi. Ogni capitolo svela una lezione profonda sull'importanza dei legami autentici, della lealtà e della ricerca di un rifugio sicuro per l'anima. Custodisci la bellezza dei tuoi sogni con dedizione.","cute cartoon orange tabby cat standing on two legs wearing a blue and white striped t-shirt reading an open vintage book in cozy library, pixar 3d style, vertical 9:16|||cute cartoon orange tabby cat standing on two legs wearing a blue and white striped t-shirt looking out a bright window at a beautiful sunrise, pixar 3d style, vertical 9:16|||cute cartoon orange tabby cat standing on two legs wearing a blue and white striped t-shirt walking through a peaceful green park with blooming flowers, pixar 3d style, vertical 9:16|||cute cartoon orange tabby cat standing on two legs wearing a blue and white striped t-shirt smiling happily in front of a warm welcoming home, pixar 3d style, vertical 9:16"
31,Capolavoro Letterario 31,Edgar Allan Poe,1851,Narrativa Fantastica,"Un viaggio straordinario attraverso le pagine di un'opera immortale, dove l'ingegno, il coraggio e la passione umana affrontano le prove più grandi. Ogni capitolo svela una lezione profonda sull'importanza dei legami autentici, della lealtà e della ricerca di un rifugio sicuro per l'anima. Custodisci la bellezza dei tuoi sogni con dedizione.","cute cartoon orange tabby cat standing on two legs wearing a blue and white striped t-shirt reading an open vintage book in cozy library, pixar 3d style, vertical 9:16|||cute cartoon orange tabby cat standing on two legs wearing a blue and white striped t-shirt looking out a bright window at a beautiful sunrise, pixar 3d style, vertical 9:16|||cute cartoon orange tabby cat standing on two legs wearing a blue and white striped t-shirt walking through a peaceful green park with blooming flowers, pixar 3d style, vertical 9:16|||cute cartoon orange tabby cat standing on two legs wearing a blue and white striped t-shirt smiling happily in front of a warm welcoming home, pixar 3d style, vertical 9:16"
32,Capolavoro Letterario 32,Oscar Wilde,1852,Romanzo Psicologico,"Un viaggio straordinario attraverso le pagine di un'opera immortale, dove l'ingegno, il coraggio e la passione umana affrontano le prove più grandi. Ogni capitolo svela una lezione profonda sull'importanza dei legami autentici, della lealtà e della ricerca di un rifugio sicuro per l'anima. Custodisci la bellezza dei tuoi sogni con dedizione.","cute cartoon orange tabby cat standing on two legs wearing a blue and white striped t-shirt reading an open vintage book in cozy library, pixar 3d style, vertical 9:16|||cute cartoon orange tabby cat standing on two legs wearing a blue and white striped t-shirt looking out a bright window at a beautiful sunrise, pixar 3d style, vertical 9:16|||cute cartoon orange tabby cat standing on two legs wearing a blue and white striped t-shirt walking through a peaceful green park with blooming flowers, pixar 3d style, vertical 9:16|||cute cartoon orange tabby cat standing on two legs wearing a blue and white striped t-shirt smiling happily in front of a warm welcoming home, pixar 3d style, vertical 9:16"
33,Capolavoro Letterario 33,Emily Brontë,1853,Giallo d'Epoca,"Un viaggio straordinario attraverso le pagine di un'opera immortale, dove l'ingegno, il coraggio e la passione umana affrontano le prove più grandi. Ogni capitolo svela una lezione profonda sull'importanza dei legami autentici, della lealtà e della ricerca di un rifugio sicuro per l'anima. Custodisci la bellezza dei tuoi sogni con dedizione.","cute cartoon orange tabby cat standing on two legs wearing a blue and white striped t-shirt reading an open vintage book in cozy library, pixar 3d style, vertical 9:16|||cute cartoon orange tabby cat standing on two legs wearing a blue and white striped t-shirt looking out a bright window at a beautiful sunrise, pixar 3d style, vertical 9:16|||cute cartoon orange tabby cat standing on two legs wearing a blue and white striped t-shirt walking through a peaceful green park with blooming flowers, pixar 3d style, vertical 9:16|||cute cartoon orange tabby cat standing on two legs wearing a blue and white striped t-shirt smiling happily in front of a warm welcoming home, pixar 3d style, vertical 9:16"
34,Capolavoro Letterario 34,Charlotte Brontë,1854,Epopea Marinara,"Un viaggio straordinario attraverso le pagine di un'opera immortale, dove l'ingegno, il coraggio e la passione umana affrontano le prove più grandi. Ogni capitolo svela una lezione profonda sull'importanza dei legami autentici, della lealtà e della ricerca di un rifugio sicuro per l'anima. Custodisci la bellezza dei tuoi sogni con dedizione.","cute cartoon orange tabby cat standing on two legs wearing a blue and white striped t-shirt reading an open vintage book in cozy library, pixar 3d style, vertical 9:16|||cute cartoon orange tabby cat standing on two legs wearing a blue and white striped t-shirt looking out a bright window at a beautiful sunrise, pixar 3d style, vertical 9:16|||cute cartoon orange tabby cat standing on two legs wearing a blue and white striped t-shirt walking through a peaceful green park with blooming flowers, pixar 3d style, vertical 9:16|||cute cartoon orange tabby cat standing on two legs wearing a blue and white striped t-shirt smiling happily in front of a warm welcoming home, pixar 3d style, vertical 9:16"
35,Capolavoro Letterario 35,Lev Tolstoj,1855,Romanzo di Formazione,"Un viaggio straordinario attraverso le pagine di un'opera immortale, dove l'ingegno, il coraggio e la passione umana affrontano le prove più grandi. Ogni capitolo svela una lezione profonda sull'importanza dei legami autentici, della lealtà e della ricerca di un rifugio sicuro per l'anima. Custodisci la bellezza dei tuoi sogni con dedizione.","cute cartoon orange tabby cat standing on two legs wearing a blue and white striped t-shirt reading an open vintage book in cozy library, pixar 3d style, vertical 9:16|||cute cartoon orange tabby cat standing on two legs wearing a blue and white striped t-shirt looking out a bright window at a beautiful sunrise, pixar 3d style, vertical 9:16|||cute cartoon orange tabby cat standing on two legs wearing a blue and white striped t-shirt walking through a peaceful green park with blooming flowers, pixar 3d style, vertical 9:16|||cute cartoon orange tabby cat standing on two legs wearing a blue and white striped t-shirt smiling happily in front of a warm welcoming home, pixar 3d style, vertical 9:16"
36,Capolavoro Letterario 36,Fëdor Dostoevskij,1856,Gotico e Mistero,"Un viaggio straordinario attraverso le pagine di un'opera immortale, dove l'ingegno, il coraggio e la passione umana affrontano le prove più grandi. Ogni capitolo svela una lezione profonda sull'importanza dei legami autentici, della lealtà e della ricerca di un rifugio sicuro per l'anima. Custodisci la bellezza dei tuoi sogni con dedizione.","cute cartoon orange tabby cat standing on two legs wearing a blue and white striped t-shirt reading an open vintage book in cozy library, pixar 3d style, vertical 9:16|||cute cartoon orange tabby cat standing on two legs wearing a blue and white striped t-shirt looking out a bright window at a beautiful sunrise, pixar 3d style, vertical 9:16|||cute cartoon orange tabby cat standing on two legs wearing a blue and white striped t-shirt walking through a peaceful green park with blooming flowers, pixar 3d style, vertical 9:16|||cute cartoon orange tabby cat standing on two legs wearing a blue and white striped t-shirt smiling happily in front of a warm welcoming home, pixar 3d style, vertical 9:16"
37,Capolavoro Letterario 37,Victor Hugo,1857,Romanzo d'Avventura,"Un viaggio straordinario attraverso le pagine di un'opera immortale, dove l'ingegno, il coraggio e la passione umana affrontano le prove più grandi. Ogni capitolo svela una lezione profonda sull'importanza dei legami autentici, della lealtà e della ricerca di un rifugio sicuro per l'anima. Custodisci la bellezza dei tuoi sogni con dedizione.","cute cartoon orange tabby cat standing on two legs wearing a blue and white striped t-shirt reading an open vintage book in cozy library, pixar 3d style, vertical 9:16|||cute cartoon orange tabby cat standing on two legs wearing a blue and white striped t-shirt looking out a bright window at a beautiful sunrise, pixar 3d style, vertical 9:16|||cute cartoon orange tabby cat standing on two legs wearing a blue and white striped t-shirt walking through a peaceful green park with blooming flowers, pixar 3d style, vertical 9:16|||cute cartoon orange tabby cat standing on two legs wearing a blue and white striped t-shirt smiling happily in front of a warm welcoming home, pixar 3d style, vertical 9:16"
38,Capolavoro Letterario 38,Stendhal,1858,Classico della Letteratura,"Un viaggio straordinario attraverso le pagine di un'opera immortale, dove l'ingegno, il coraggio e la passione umana affrontano le prove più grandi. Ogni capitolo svela una lezione profonda sull'importanza dei legami autentici, della lealtà e della ricerca di un rifugio sicuro per l'anima. Custodisci la bellezza dei tuoi sogni con dedizione.","cute cartoon orange tabby cat standing on two legs wearing a blue and white striped t-shirt reading an open vintage book in cozy library, pixar 3d style, vertical 9:16|||cute cartoon orange tabby cat standing on two legs wearing a blue and white striped t-shirt looking out a bright window at a beautiful sunrise, pixar 3d style, vertical 9:16|||cute cartoon orange tabby cat standing on two legs wearing a blue and white striped t-shirt walking through a peaceful green park with blooming flowers, pixar 3d style, vertical 9:16|||cute cartoon orange tabby cat standing on two legs wearing a blue and white striped t-shirt smiling happily in front of a warm welcoming home, pixar 3d style, vertical 9:16"
39,Capolavoro Letterario 39,Honoré de Balzac,1859,Romanzo Storico,"Un viaggio straordinario attraverso le pagine di un'opera immortale, dove l'ingegno, il coraggio e la passione umana affrontano le prove più grandi. Ogni capitolo svela una lezione profonda sull'importanza dei legami autentici, della lealtà e della ricerca di un rifugio sicuro per l'anima. Custodisci la bellezza dei tuoi sogni con dedizione.","cute cartoon orange tabby cat standing on two legs wearing a blue and white striped t-shirt reading an open vintage book in cozy library, pixar 3d style, vertical 9:16|||cute cartoon orange tabby cat standing on two legs wearing a blue and white striped t-shirt looking out a bright window at a beautiful sunrise, pixar 3d style, vertical 9:16|||cute cartoon orange tabby cat standing on two legs wearing a blue and white striped t-shirt walking through a peaceful green park with blooming flowers, pixar 3d style, vertical 9:16|||cute cartoon orange tabby cat standing on two legs wearing a blue and white striped t-shirt smiling happily in front of a warm welcoming home, pixar 3d style, vertical 9:16"
40,Capolavoro Letterario 40,Ivan Turgenev,1860,Narrativa Fantastica,"Un viaggio straordinario attraverso le pagine di un'opera immortale, dove l'ingegno, il coraggio e la passione umana affrontano le prove più grandi. Ogni capitolo svela una lezione profonda sull'importanza dei legami autentici, della lealtà e della ricerca di un rifugio sicuro per l'anima. Custodisci la bellezza dei tuoi sogni con dedizione.","cute cartoon orange tabby cat standing on two legs wearing a blue and white striped t-shirt reading an open vintage book in cozy library, pixar 3d style, vertical 9:16|||cute cartoon orange tabby cat standing on two legs wearing a blue and white striped t-shirt looking out a bright window at a beautiful sunrise, pixar 3d style, vertical 9:16|||cute cartoon orange tabby cat standing on two legs wearing a blue and white striped t-shirt walking through a peaceful green park with blooming flowers, pixar 3d style, vertical 9:16|||cute cartoon orange tabby cat standing on two legs wearing a blue and white striped t-shirt smiling happily in front of a warm welcoming home, pixar 3d style, vertical 9:16"
41,Capolavoro Letterario 41,Jules Verne,1861,Romanzo Psicologico,"Un viaggio straordinario attraverso le pagine di un'opera immortale, dove l'ingegno, il coraggio e la passione umana affrontano le prove più grandi. Ogni capitolo svela una lezione profonda sull'importanza dei legami autentici, della lealtà e della ricerca di un rifugio sicuro per l'anima. Custodisci la bellezza dei tuoi sogni con dedizione.","cute cartoon orange tabby cat standing on two legs wearing a blue and white striped t-shirt reading an open vintage book in cozy library, pixar 3d style, vertical 9:16|||cute cartoon orange tabby cat standing on two legs wearing a blue and white striped t-shirt looking out a bright window at a beautiful sunrise, pixar 3d style, vertical 9:16|||cute cartoon orange tabby cat standing on two legs wearing a blue and white striped t-shirt walking through a peaceful green park with blooming flowers, pixar 3d style, vertical 9:16|||cute cartoon orange tabby cat standing on two legs wearing a blue and white striped t-shirt smiling happily in front of a warm welcoming home, pixar 3d style, vertical 9:16"
42,Capolavoro Letterario 42,Robert Louis Stevenson,1862,Giallo d'Epoca,"Un viaggio straordinario attraverso le pagine di un'opera immortale, dove l'ingegno, il coraggio e la passione umana affrontano le prove più grandi. Ogni capitolo svela una lezione profonda sull'importanza dei legami autentici, della lealtà e della ricerca di un rifugio sicuro per l'anima. Custodisci la bellezza dei tuoi sogni con dedizione.","cute cartoon orange tabby cat standing on two legs wearing a blue and white striped t-shirt reading an open vintage book in cozy library, pixar 3d style, vertical 9:16|||cute cartoon orange tabby cat standing on two legs wearing a blue and white striped t-shirt looking out a bright window at a beautiful sunrise, pixar 3d style, vertical 9:16|||cute cartoon orange tabby cat standing on two legs wearing a blue and white striped t-shirt walking through a peaceful green park with blooming flowers, pixar 3d style, vertical 9:16|||cute cartoon orange tabby cat standing on two legs wearing a blue and white striped t-shirt smiling happily in front of a warm welcoming home, pixar 3d style, vertical 9:16"
43,Capolavoro Letterario 43,Charles Dickens,1863,Epopea Marinara,"Un viaggio straordinario attraverso le pagine di un'opera immortale, dove l'ingegno, il coraggio e la passione umana affrontano le prove più grandi. Ogni capitolo svela una lezione profonda sull'importanza dei legami autentici, della lealtà e della ricerca di un rifugio sicuro per l'anima. Custodisci la bellezza dei tuoi sogni con dedizione.","cute cartoon orange tabby cat standing on two legs wearing a blue and white striped t-shirt reading an open vintage book in cozy library, pixar 3d style, vertical 9:16|||cute cartoon orange tabby cat standing on two legs wearing a blue and white striped t-shirt looking out a bright window at a beautiful sunrise, pixar 3d style, vertical 9:16|||cute cartoon orange tabby cat standing on two legs wearing a blue and white striped t-shirt walking through a peaceful green park with blooming flowers, pixar 3d style, vertical 9:16|||cute cartoon orange tabby cat standing on two legs wearing a blue and white striped t-shirt smiling happily in front of a warm welcoming home, pixar 3d style, vertical 9:16"
44,Capolavoro Letterario 44,Alexandre Dumas,1864,Romanzo di Formazione,"Un viaggio straordinario attraverso le pagine di un'opera immortale, dove l'ingegno, il coraggio e la passione umana affrontano le prove più grandi. Ogni capitolo svela una lezione profonda sull'importanza dei legami autentici, della lealtà e della ricerca di un rifugio sicuro per l'anima. Custodisci la bellezza dei tuoi sogni con dedizione.","cute cartoon orange tabby cat standing on two legs wearing a blue and white striped t-shirt reading an open vintage book in cozy library, pixar 3d style, vertical 9:16|||cute cartoon orange tabby cat standing on two legs wearing a blue and white striped t-shirt looking out a bright window at a beautiful sunrise, pixar 3d style, vertical 9:16|||cute cartoon orange tabby cat standing on two legs wearing a blue and white striped t-shirt walking through a peaceful green park with blooming flowers, pixar 3d style, vertical 9:16|||cute cartoon orange tabby cat standing on two legs wearing a blue and white striped t-shirt smiling happily in front of a warm welcoming home, pixar 3d style, vertical 9:16"
45,Capolavoro Letterario 45,Arthur Conan Doyle,1865,Gotico e Mistero,"Un viaggio straordinario attraverso le pagine di un'opera immortale, dove l'ingegno, il coraggio e la passione umana affrontano le prove più grandi. Ogni capitolo svela una lezione profonda sull'importanza dei legami autentici, della lealtà e della ricerca di un rifugio sicuro per l'anima. Custodisci la bellezza dei tuoi sogni con dedizione.","cute cartoon orange tabby cat standing on two legs wearing a blue and white striped t-shirt reading an open vintage book in cozy library, pixar 3d style, vertical 9:16|||cute cartoon orange tabby cat standing on two legs wearing a blue and white striped t-shirt looking out a bright window at a beautiful sunrise, pixar 3d style, vertical 9:16|||cute cartoon orange tabby cat standing on two legs wearing a blue and white striped t-shirt walking through a peaceful green park with blooming flowers, pixar 3d style, vertical 9:16|||cute cartoon orange tabby cat standing on two legs wearing a blue and white striped t-shirt smiling happily in front of a warm welcoming home, pixar 3d style, vertical 9:16"
46,Capolavoro Letterario 46,Herman Melville,1866,Romanzo d'Avventura,"Un viaggio straordinario attraverso le pagine di un'opera immortale, dove l'ingegno, il coraggio e la passione umana affrontano le prove più grandi. Ogni capitolo svela una lezione profonda sull'importanza dei legami autentici, della lealtà e della ricerca di un rifugio sicuro per l'anima. Custodisci la bellezza dei tuoi sogni con dedizione.","cute cartoon orange tabby cat standing on two legs wearing a blue and white striped t-shirt reading an open vintage book in cozy library, pixar 3d style, vertical 9:16|||cute cartoon orange tabby cat standing on two legs wearing a blue and white striped t-shirt looking out a bright window at a beautiful sunrise, pixar 3d style, vertical 9:16|||cute cartoon orange tabby cat standing on two legs wearing a blue and white striped t-shirt walking through a peaceful green park with blooming flowers, pixar 3d style, vertical 9:16|||cute cartoon orange tabby cat standing on two legs wearing a blue and white striped t-shirt smiling happily in front of a warm welcoming home, pixar 3d style, vertical 9:16"
47,Capolavoro Letterario 47,Daniel Defoe,1867,Classico della Letteratura,"Un viaggio straordinario attraverso le pagine di un'opera immortale, dove l'ingegno, il coraggio e la passione umana affrontano le prove più grandi. Ogni capitolo svela una lezione profonda sull'importanza dei legami autentici, della lealtà e della ricerca di un rifugio sicuro per l'anima. Custodisci la bellezza dei tuoi sogni con dedizione.","cute cartoon orange tabby cat standing on two legs wearing a blue and white striped t-shirt reading an open vintage book in cozy library, pixar 3d style, vertical 9:16|||cute cartoon orange tabby cat standing on two legs wearing a blue and white striped t-shirt looking out a bright window at a beautiful sunrise, pixar 3d style, vertical 9:16|||cute cartoon orange tabby cat standing on two legs wearing a blue and white striped t-shirt walking through a peaceful green park with blooming flowers, pixar 3d style, vertical 9:16|||cute cartoon orange tabby cat standing on two legs wearing a blue and white striped t-shirt smiling happily in front of a warm welcoming home, pixar 3d style, vertical 9:16"
48,Capolavoro Letterario 48,Jack London,1868,Romanzo Storico,"Un viaggio straordinario attraverso le pagine di un'opera immortale, dove l'ingegno, il coraggio e la passione umana affrontano le prove più grandi. Ogni capitolo svela una lezione profonda sull'importanza dei legami autentici, della lealtà e della ricerca di un rifugio sicuro per l'anima. Custodisci la bellezza dei tuoi sogni con dedizione.","cute cartoon orange tabby cat standing on two legs wearing a blue and white striped t-shirt reading an open vintage book in cozy library, pixar 3d style, vertical 9:16|||cute cartoon orange tabby cat standing on two legs wearing a blue and white striped t-shirt looking out a bright window at a beautiful sunrise, pixar 3d style, vertical 9:16|||cute cartoon orange tabby cat standing on two legs wearing a blue and white striped t-shirt walking through a peaceful green park with blooming flowers, pixar 3d style, vertical 9:16|||cute cartoon orange tabby cat standing on two legs wearing a blue and white striped t-shirt smiling happily in front of a warm welcoming home, pixar 3d style, vertical 9:16"
49,Capolavoro Letterario 49,Jane Austen,1869,Narrativa Fantastica,"Un viaggio straordinario attraverso le pagine di un'opera immortale, dove l'ingegno, il coraggio e la passione umana affrontano le prove più grandi. Ogni capitolo svela una lezione profonda sull'importanza dei legami autentici, della lealtà e della ricerca di un rifugio sicuro per l'anima. Custodisci la bellezza dei tuoi sogni con dedizione.","cute cartoon orange tabby cat standing on two legs wearing a blue and white striped t-shirt reading an open vintage book in cozy library, pixar 3d style, vertical 9:16|||cute cartoon orange tabby cat standing on two legs wearing a blue and white striped t-shirt looking out a bright window at a beautiful sunrise, pixar 3d style, vertical 9:16|||cute cartoon orange tabby cat standing on two legs wearing a blue and white striped t-shirt walking through a peaceful green park with blooming flowers, pixar 3d style, vertical 9:16|||cute cartoon orange tabby cat standing on two legs wearing a blue and white striped t-shirt smiling happily in front of a warm welcoming home, pixar 3d style, vertical 9:16"
50,Capolavoro Letterario 50,Mark Twain,1870,Romanzo Psicologico,"Un viaggio straordinario attraverso le pagine di un'opera immortale, dove l'ingegno, il coraggio e la passione umana affrontano le prove più grandi. Ogni capitolo svela una lezione profonda sull'importanza dei legami autentici, della lealtà e della ricerca di un rifugio sicuro per l'anima. Custodisci la bellezza dei tuoi sogni con dedizione.","cute cartoon orange tabby cat standing on two legs wearing a blue and white striped t-shirt reading an open vintage book in cozy library, pixar 3d style, vertical 9:16|||cute cartoon orange tabby cat standing on two legs wearing a blue and white striped t-shirt looking out a bright window at a beautiful sunrise, pixar 3d style, vertical 9:16|||cute cartoon orange tabby cat standing on two legs wearing a blue and white striped t-shirt walking through a peaceful green park with blooming flowers, pixar 3d style, vertical 9:16|||cute cartoon orange tabby cat standing on two legs wearing a blue and white striped t-shirt smiling happily in front of a warm welcoming home, pixar 3d style, vertical 9:16"
51,Capolavoro Letterario 51,Edgar Allan Poe,1871,Giallo d'Epoca,"Un viaggio straordinario attraverso le pagine di un'opera immortale, dove l'ingegno, il coraggio e la passione umana affrontano le prove più grandi. Ogni capitolo svela una lezione profonda sull'importanza dei legami autentici, della lealtà e della ricerca di un rifugio sicuro per l'anima. Custodisci la bellezza dei tuoi sogni con dedizione.","cute cartoon orange tabby cat standing on two legs wearing a blue and white striped t-shirt reading an open vintage book in cozy library, pixar 3d style, vertical 9:16|||cute cartoon orange tabby cat standing on two legs wearing a blue and white striped t-shirt looking out a bright window at a beautiful sunrise, pixar 3d style, vertical 9:16|||cute cartoon orange tabby cat standing on two legs wearing a blue and white striped t-shirt walking through a peaceful green park with blooming flowers, pixar 3d style, vertical 9:16|||cute cartoon orange tabby cat standing on two legs wearing a blue and white striped t-shirt smiling happily in front of a warm welcoming home, pixar 3d style, vertical 9:16"
52,Capolavoro Letterario 52,Oscar Wilde,1872,Epopea Marinara,"Un viaggio straordinario attraverso le pagine di un'opera immortale, dove l'ingegno, il coraggio e la passione umana affrontano le prove più grandi. Ogni capitolo svela una lezione profonda sull'importanza dei legami autentici, della lealtà e della ricerca di un rifugio sicuro per l'anima. Custodisci la bellezza dei tuoi sogni con dedizione.","cute cartoon orange tabby cat standing on two legs wearing a blue and white striped t-shirt reading an open vintage book in cozy library, pixar 3d style, vertical 9:16|||cute cartoon orange tabby cat standing on two legs wearing a blue and white striped t-shirt looking out a bright window at a beautiful sunrise, pixar 3d style, vertical 9:16|||cute cartoon orange tabby cat standing on two legs wearing a blue and white striped t-shirt walking through a peaceful green park with blooming flowers, pixar 3d style, vertical 9:16|||cute cartoon orange tabby cat standing on two legs wearing a blue and white striped t-shirt smiling happily in front of a warm welcoming home, pixar 3d style, vertical 9:16"
53,Capolavoro Letterario 53,Emily Brontë,1873,Romanzo di Formazione,"Un viaggio straordinario attraverso le pagine di un'opera immortale, dove l'ingegno, il coraggio e la passione umana affrontano le prove più grandi. Ogni capitolo svela una lezione profonda sull'importanza dei legami autentici, della lealtà e della ricerca di un rifugio sicuro per l'anima. Custodisci la bellezza dei tuoi sogni con dedizione.","cute cartoon orange tabby cat standing on two legs wearing a blue and white striped t-shirt reading an open vintage book in cozy library, pixar 3d style, vertical 9:16|||cute cartoon orange tabby cat standing on two legs wearing a blue and white striped t-shirt looking out a bright window at a beautiful sunrise, pixar 3d style, vertical 9:16|||cute cartoon orange tabby cat standing on two legs wearing a blue and white striped t-shirt walking through a peaceful green park with blooming flowers, pixar 3d style, vertical 9:16|||cute cartoon orange tabby cat standing on two legs wearing a blue and white striped t-shirt smiling happily in front of a warm welcoming home, pixar 3d style, vertical 9:16"
54,Capolavoro Letterario 54,Charlotte Brontë,1874,Gotico e Mistero,"Un viaggio straordinario attraverso le pagine di un'opera immortale, dove l'ingegno, il coraggio e la passione umana affrontano le prove più grandi. Ogni capitolo svela una lezione profonda sull'importanza dei legami autentici, della lealtà e della ricerca di un rifugio sicuro per l'anima. Custodisci la bellezza dei tuoi sogni con dedizione.","cute cartoon orange tabby cat standing on two legs wearing a blue and white striped t-shirt reading an open vintage book in cozy library, pixar 3d style, vertical 9:16|||cute cartoon orange tabby cat standing on two legs wearing a blue and white striped t-shirt looking out a bright window at a beautiful sunrise, pixar 3d style, vertical 9:16|||cute cartoon orange tabby cat standing on two legs wearing a blue and white striped t-shirt walking through a peaceful green park with blooming flowers, pixar 3d style, vertical 9:16|||cute cartoon orange tabby cat standing on two legs wearing a blue and white striped t-shirt smiling happily in front of a warm welcoming home, pixar 3d style, vertical 9:16"
55,Capolavoro Letterario 55,Lev Tolstoj,1875,Romanzo d'Avventura,"Un viaggio straordinario attraverso le pagine di un'opera immortale, dove l'ingegno, il coraggio e la passione umana affrontano le prove più grandi. Ogni capitolo svela una lezione profonda sull'importanza dei legami autentici, della lealtà e della ricerca di un rifugio sicuro per l'anima. Custodisci la bellezza dei tuoi sogni con dedizione.","cute cartoon orange tabby cat standing on two legs wearing a blue and white striped t-shirt reading an open vintage book in cozy library, pixar 3d style, vertical 9:16|||cute cartoon orange tabby cat standing on two legs wearing a blue and white striped t-shirt looking out a bright window at a beautiful sunrise, pixar 3d style, vertical 9:16|||cute cartoon orange tabby cat standing on two legs wearing a blue and white striped t-shirt walking through a peaceful green park with blooming flowers, pixar 3d style, vertical 9:16|||cute cartoon orange tabby cat standing on two legs wearing a blue and white striped t-shirt smiling happily in front of a warm welcoming home, pixar 3d style, vertical 9:16"
56,Capolavoro Letterario 56,Fëdor Dostoevskij,1876,Classico della Letteratura,"Un viaggio straordinario attraverso le pagine di un'opera immortale, dove l'ingegno, il coraggio e la passione umana affrontano le prove più grandi. Ogni capitolo svela una lezione profonda sull'importanza dei legami autentici, della lealtà e della ricerca di un rifugio sicuro per l'anima. Custodisci la bellezza dei tuoi sogni con dedizione.","cute cartoon orange tabby cat standing on two legs wearing a blue and white striped t-shirt reading an open vintage book in cozy library, pixar 3d style, vertical 9:16|||cute cartoon orange tabby cat standing on two legs wearing a blue and white striped t-shirt looking out a bright window at a beautiful sunrise, pixar 3d style, vertical 9:16|||cute cartoon orange tabby cat standing on two legs wearing a blue and white striped t-shirt walking through a peaceful green park with blooming flowers, pixar 3d style, vertical 9:16|||cute cartoon orange tabby cat standing on two legs wearing a blue and white striped t-shirt smiling happily in front of a warm welcoming home, pixar 3d style, vertical 9:16"
57,Capolavoro Letterario 57,Victor Hugo,1877,Romanzo Storico,"Un viaggio straordinario attraverso le pagine di un'opera immortale, dove l'ingegno, il coraggio e la passione umana affrontano le prove più grandi. Ogni capitolo svela una lezione profonda sull'importanza dei legami autentici, della lealtà e della ricerca di un rifugio sicuro per l'anima. Custodisci la bellezza dei tuoi sogni con dedizione.","cute cartoon orange tabby cat standing on two legs wearing a blue and white striped t-shirt reading an open vintage book in cozy library, pixar 3d style, vertical 9:16|||cute cartoon orange tabby cat standing on two legs wearing a blue and white striped t-shirt looking out a bright window at a beautiful sunrise, pixar 3d style, vertical 9:16|||cute cartoon orange tabby cat standing on two legs wearing a blue and white striped t-shirt walking through a peaceful green park with blooming flowers, pixar 3d style, vertical 9:16|||cute cartoon orange tabby cat standing on two legs wearing a blue and white striped t-shirt smiling happily in front of a warm welcoming home, pixar 3d style, vertical 9:16"
58,Capolavoro Letterario 58,Stendhal,1878,Narrativa Fantastica,"Un viaggio straordinario attraverso le pagine di un'opera immortale, dove l'ingegno, il coraggio e la passione umana affrontano le prove più grandi. Ogni capitolo svela una lezione profonda sull'importanza dei legami autentici, della lealtà e della ricerca di un rifugio sicuro per l'anima. Custodisci la bellezza dei tuoi sogni con dedizione.","cute cartoon orange tabby cat standing on two legs wearing a blue and white striped t-shirt reading an open vintage book in cozy library, pixar 3d style, vertical 9:16|||cute cartoon orange tabby cat standing on two legs wearing a blue and white striped t-shirt looking out a bright window at a beautiful sunrise, pixar 3d style, vertical 9:16|||cute cartoon orange tabby cat standing on two legs wearing a blue and white striped t-shirt walking through a peaceful green park with blooming flowers, pixar 3d style, vertical 9:16|||cute cartoon orange tabby cat standing on two legs wearing a blue and white striped t-shirt smiling happily in front of a warm welcoming home, pixar 3d style, vertical 9:16"
59,Capolavoro Letterario 59,Honoré de Balzac,1879,Romanzo Psicologico,"Un viaggio straordinario attraverso le pagine di un'opera immortale, dove l'ingegno, il coraggio e la passione umana affrontano le prove più grandi. Ogni capitolo svela una lezione profonda sull'importanza dei legami autentici, della lealtà e della ricerca di un rifugio sicuro per l'anima. Custodisci la bellezza dei tuoi sogni con dedizione.","cute cartoon orange tabby cat standing on two legs wearing a blue and white striped t-shirt reading an open vintage book in cozy library, pixar 3d style, vertical 9:16|||cute cartoon orange tabby cat standing on two legs wearing a blue and white striped t-shirt looking out a bright window at a beautiful sunrise, pixar 3d style, vertical 9:16|||cute cartoon orange tabby cat standing on two legs wearing a blue and white striped t-shirt walking through a peaceful green park with blooming flowers, pixar 3d style, vertical 9:16|||cute cartoon orange tabby cat standing on two legs wearing a blue and white striped t-shirt smiling happily in front of a warm welcoming home, pixar 3d style, vertical 9:16"
60,Capolavoro Letterario 60,Ivan Turgenev,1880,Giallo d'Epoca,"Un viaggio straordinario attraverso le pagine di un'opera immortale, dove l'ingegno, il coraggio e la passione umana affrontano le prove più grandi. Ogni capitolo svela una lezione profonda sull'importanza dei legami autentici, della lealtà e della ricerca di un rifugio sicuro per l'anima. Custodisci la bellezza dei tuoi sogni con dedizione.","cute cartoon orange tabby cat standing on two legs wearing a blue and white striped t-shirt reading an open vintage book in cozy library, pixar 3d style, vertical 9:16|||cute cartoon orange tabby cat standing on two legs wearing a blue and white striped t-shirt looking out a bright window at a beautiful sunrise, pixar 3d style, vertical 9:16|||cute cartoon orange tabby cat standing on two legs wearing a blue and white striped t-shirt walking through a peaceful green park with blooming flowers, pixar 3d style, vertical 9:16|||cute cartoon orange tabby cat standing on two legs wearing a blue and white striped t-shirt smiling happily in front of a warm welcoming home, pixar 3d style, vertical 9:16"
61,Capolavoro Letterario 61,Jules Verne,1881,Epopea Marinara,"Un viaggio straordinario attraverso le pagine di un'opera immortale, dove l'ingegno, il coraggio e la passione umana affrontano le prove più grandi. Ogni capitolo svela una lezione profonda sull'importanza dei legami autentici, della lealtà e della ricerca di un rifugio sicuro per l'anima. Custodisci la bellezza dei tuoi sogni con dedizione.","cute cartoon orange tabby cat standing on two legs wearing a blue and white striped t-shirt reading an open vintage book in cozy library, pixar 3d style, vertical 9:16|||cute cartoon orange tabby cat standing on two legs wearing a blue and white striped t-shirt looking out a bright window at a beautiful sunrise, pixar 3d style, vertical 9:16|||cute cartoon orange tabby cat standing on two legs wearing a blue and white striped t-shirt walking through a peaceful green park with blooming flowers, pixar 3d style, vertical 9:16|||cute cartoon orange tabby cat standing on two legs wearing a blue and white striped t-shirt smiling happily in front of a warm welcoming home, pixar 3d style, vertical 9:16"
62,Capolavoro Letterario 62,Robert Louis Stevenson,1882,Romanzo di Formazione,"Un viaggio straordinario attraverso le pagine di un'opera immortale, dove l'ingegno, il coraggio e la passione umana affrontano le prove più grandi. Ogni capitolo svela una lezione profonda sull'importanza dei legami autentici, della lealtà e della ricerca di un rifugio sicuro per l'anima. Custodisci la bellezza dei tuoi sogni con dedizione.","cute cartoon orange tabby cat standing on two legs wearing a blue and white striped t-shirt reading an open vintage book in cozy library, pixar 3d style, vertical 9:16|||cute cartoon orange tabby cat standing on two legs wearing a blue and white striped t-shirt looking out a bright window at a beautiful sunrise, pixar 3d style, vertical 9:16|||cute cartoon orange tabby cat standing on two legs wearing a blue and white striped t-shirt walking through a peaceful green park with blooming flowers, pixar 3d style, vertical 9:16|||cute cartoon orange tabby cat standing on two legs wearing a blue and white striped t-shirt smiling happily in front of a warm welcoming home, pixar 3d style, vertical 9:16"
63,Capolavoro Letterario 63,Charles Dickens,1883,Gotico e Mistero,"Un viaggio straordinario attraverso le pagine di un'opera immortale, dove l'ingegno, il coraggio e la passione umana affrontano le prove più grandi. Ogni capitolo svela una lezione profonda sull'importanza dei legami autentici, della lealtà e della ricerca di un rifugio sicuro per l'anima. Custodisci la bellezza dei tuoi sogni con dedizione.","cute cartoon orange tabby cat standing on two legs wearing a blue and white striped t-shirt reading an open vintage book in cozy library, pixar 3d style, vertical 9:16|||cute cartoon orange tabby cat standing on two legs wearing a blue and white striped t-shirt looking out a bright window at a beautiful sunrise, pixar 3d style, vertical 9:16|||cute cartoon orange tabby cat standing on two legs wearing a blue and white striped t-shirt walking through a peaceful green park with blooming flowers, pixar 3d style, vertical 9:16|||cute cartoon orange tabby cat standing on two legs wearing a blue and white striped t-shirt smiling happily in front of a warm welcoming home, pixar 3d style, vertical 9:16"
64,Capolavoro Letterario 64,Alexandre Dumas,1884,Romanzo d'Avventura,"Un viaggio straordinario attraverso le pagine di un'opera immortale, dove l'ingegno, il coraggio e la passione umana affrontano le prove più grandi. Ogni capitolo svela una lezione profonda sull'importanza dei legami autentici, della lealtà e della ricerca di un rifugio sicuro per l'anima. Custodisci la bellezza dei tuoi sogni con dedizione.","cute cartoon orange tabby cat standing on two legs wearing a blue and white striped t-shirt reading an open vintage book in cozy library, pixar 3d style, vertical 9:16|||cute cartoon orange tabby cat standing on two legs wearing a blue and white striped t-shirt looking out a bright window at a beautiful sunrise, pixar 3d style, vertical 9:16|||cute cartoon orange tabby cat standing on two legs wearing a blue and white striped t-shirt walking through a peaceful green park with blooming flowers, pixar 3d style, vertical 9:16|||cute cartoon orange tabby cat standing on two legs wearing a blue and white striped t-shirt smiling happily in front of a warm welcoming home, pixar 3d style, vertical 9:16"
65,Capolavoro Letterario 65,Arthur Conan Doyle,1885,Classico della Letteratura,"Un viaggio straordinario attraverso le pagine di un'opera immortale, dove l'ingegno, il coraggio e la passione umana affrontano le prove più grandi. Ogni capitolo svela una lezione profonda sull'importanza dei legami autentici, della lealtà e della ricerca di un rifugio sicuro per l'anima. Custodisci la bellezza dei tuoi sogni con dedizione.","cute cartoon orange tabby cat standing on two legs wearing a blue and white striped t-shirt reading an open vintage book in cozy library, pixar 3d style, vertical 9:16|||cute cartoon orange tabby cat standing on two legs wearing a blue and white striped t-shirt looking out a bright window at a beautiful sunrise, pixar 3d style, vertical 9:16|||cute cartoon orange tabby cat standing on two legs wearing a blue and white striped t-shirt walking through a peaceful green park with blooming flowers, pixar 3d style, vertical 9:16|||cute cartoon orange tabby cat standing on two legs wearing a blue and white striped t-shirt smiling happily in front of a warm welcoming home, pixar 3d style, vertical 9:16"
66,Capolavoro Letterario 66,Herman Melville,1886,Romanzo Storico,"Un viaggio straordinario attraverso le pagine di un'opera immortale, dove l'ingegno, il coraggio e la passione umana affrontano le prove più grandi. Ogni capitolo svela una lezione profonda sull'importanza dei legami autentici, della lealtà e della ricerca di un rifugio sicuro per l'anima. Custodisci la bellezza dei tuoi sogni con dedizione.","cute cartoon orange tabby cat standing on two legs wearing a blue and white striped t-shirt reading an open vintage book in cozy library, pixar 3d style, vertical 9:16|||cute cartoon orange tabby cat standing on two legs wearing a blue and white striped t-shirt looking out a bright window at a beautiful sunrise, pixar 3d style, vertical 9:16|||cute cartoon orange tabby cat standing on two legs wearing a blue and white striped t-shirt walking through a peaceful green park with blooming flowers, pixar 3d style, vertical 9:16|||cute cartoon orange tabby cat standing on two legs wearing a blue and white striped t-shirt smiling happily in front of a warm welcoming home, pixar 3d style, vertical 9:16"
67,Capolavoro Letterario 67,Daniel Defoe,1887,Narrativa Fantastica,"Un viaggio straordinario attraverso le pagine di un'opera immortale, dove l'ingegno, il coraggio e la passione umana affrontano le prove più grandi. Ogni capitolo svela una lezione profonda sull'importanza dei legami autentici, della lealtà e della ricerca di un rifugio sicuro per l'anima. Custodisci la bellezza dei tuoi sogni con dedizione.","cute cartoon orange tabby cat standing on two legs wearing a blue and white striped t-shirt reading an open vintage book in cozy library, pixar 3d style, vertical 9:16|||cute cartoon orange tabby cat standing on two legs wearing a blue and white striped t-shirt looking out a bright window at a beautiful sunrise, pixar 3d style, vertical 9:16|||cute cartoon orange tabby cat standing on two legs wearing a blue and white striped t-shirt walking through a peaceful green park with blooming flowers, pixar 3d style, vertical 9:16|||cute cartoon orange tabby cat standing on two legs wearing a blue and white striped t-shirt smiling happily in front of a warm welcoming home, pixar 3d style, vertical 9:16"
68,Capolavoro Letterario 68,Jack London,1888,Romanzo Psicologico,"Un viaggio straordinario attraverso le pagine di un'opera immortale, dove l'ingegno, il coraggio e la passione umana affrontano le prove più grandi. Ogni capitolo svela una lezione profonda sull'importanza dei legami autentici, della lealtà e della ricerca di un rifugio sicuro per l'anima. Custodisci la bellezza dei tuoi sogni con dedizione.","cute cartoon orange tabby cat standing on two legs wearing a blue and white striped t-shirt reading an open vintage book in cozy library, pixar 3d style, vertical 9:16|||cute cartoon orange tabby cat standing on two legs wearing a blue and white striped t-shirt looking out a bright window at a beautiful sunrise, pixar 3d style, vertical 9:16|||cute cartoon orange tabby cat standing on two legs wearing a blue and white striped t-shirt walking through a peaceful green park with blooming flowers, pixar 3d style, vertical 9:16|||cute cartoon orange tabby cat standing on two legs wearing a blue and white striped t-shirt smiling happily in front of a warm welcoming home, pixar 3d style, vertical 9:16"
69,Capolavoro Letterario 69,Jane Austen,1889,Giallo d'Epoca,"Un viaggio straordinario attraverso le pagine di un'opera immortale, dove l'ingegno, il coraggio e la passione umana affrontano le prove più grandi. Ogni capitolo svela una lezione profonda sull'importanza dei legami autentici, della lealtà e della ricerca di un rifugio sicuro per l'anima. Custodisci la bellezza dei tuoi sogni con dedizione.","cute cartoon orange tabby cat standing on two legs wearing a blue and white striped t-shirt reading an open vintage book in cozy library, pixar 3d style, vertical 9:16|||cute cartoon orange tabby cat standing on two legs wearing a blue and white striped t-shirt looking out a bright window at a beautiful sunrise, pixar 3d style, vertical 9:16|||cute cartoon orange tabby cat standing on two legs wearing a blue and white striped t-shirt walking through a peaceful green park with blooming flowers, pixar 3d style, vertical 9:16|||cute cartoon orange tabby cat standing on two legs wearing a blue and white striped t-shirt smiling happily in front of a warm welcoming home, pixar 3d style, vertical 9:16"
70,Capolavoro Letterario 70,Mark Twain,1890,Epopea Marinara,"Un viaggio straordinario attraverso le pagine di un'opera immortale, dove l'ingegno, il coraggio e la passione umana affrontano le prove più grandi. Ogni capitolo svela una lezione profonda sull'importanza dei legami autentici, della lealtà e della ricerca di un rifugio sicuro per l'anima. Custodisci la bellezza dei tuoi sogni con dedizione.","cute cartoon orange tabby cat standing on two legs wearing a blue and white striped t-shirt reading an open vintage book in cozy library, pixar 3d style, vertical 9:16|||cute cartoon orange tabby cat standing on two legs wearing a blue and white striped t-shirt looking out a bright window at a beautiful sunrise, pixar 3d style, vertical 9:16|||cute cartoon orange tabby cat standing on two legs wearing a blue and white striped t-shirt walking through a peaceful green park with blooming flowers, pixar 3d style, vertical 9:16|||cute cartoon orange tabby cat standing on two legs wearing a blue and white striped t-shirt smiling happily in front of a warm welcoming home, pixar 3d style, vertical 9:16"
71,Capolavoro Letterario 71,Edgar Allan Poe,1891,Romanzo di Formazione,"Un viaggio straordinario attraverso le pagine di un'opera immortale, dove l'ingegno, il coraggio e la passione umana affrontano le prove più grandi. Ogni capitolo svela una lezione profonda sull'importanza dei legami autentici, della lealtà e della ricerca di un rifugio sicuro per l'anima. Custodisci la bellezza dei tuoi sogni con dedizione.","cute cartoon orange tabby cat standing on two legs wearing a blue and white striped t-shirt reading an open vintage book in cozy library, pixar 3d style, vertical 9:16|||cute cartoon orange tabby cat standing on two legs wearing a blue and white striped t-shirt looking out a bright window at a beautiful sunrise, pixar 3d style, vertical 9:16|||cute cartoon orange tabby cat standing on two legs wearing a blue and white striped t-shirt walking through a peaceful green park with blooming flowers, pixar 3d style, vertical 9:16|||cute cartoon orange tabby cat standing on two legs wearing a blue and white striped t-shirt smiling happily in front of a warm welcoming home, pixar 3d style, vertical 9:16"
72,Capolavoro Letterario 72,Oscar Wilde,1892,Gotico e Mistero,"Un viaggio straordinario attraverso le pagine di un'opera immortale, dove l'ingegno, il coraggio e la passione umana affrontano le prove più grandi. Ogni capitolo svela una lezione profonda sull'importanza dei legami autentici, della lealtà e della ricerca di un rifugio sicuro per l'anima. Custodisci la bellezza dei tuoi sogni con dedizione.","cute cartoon orange tabby cat standing on two legs wearing a blue and white striped t-shirt reading an open vintage book in cozy library, pixar 3d style, vertical 9:16|||cute cartoon orange tabby cat standing on two legs wearing a blue and white striped t-shirt looking out a bright window at a beautiful sunrise, pixar 3d style, vertical 9:16|||cute cartoon orange tabby cat standing on two legs wearing a blue and white striped t-shirt walking through a peaceful green park with blooming flowers, pixar 3d style, vertical 9:16|||cute cartoon orange tabby cat standing on two legs wearing a blue and white striped t-shirt smiling happily in front of a warm welcoming home, pixar 3d style, vertical 9:16"
73,Capolavoro Letterario 73,Emily Brontë,1893,Romanzo d'Avventura,"Un viaggio straordinario attraverso le pagine di un'opera immortale, dove l'ingegno, il coraggio e la passione umana affrontano le prove più grandi. Ogni capitolo svela una lezione profonda sull'importanza dei legami autentici, della lealtà e della ricerca di un rifugio sicuro per l'anima. Custodisci la bellezza dei tuoi sogni con dedizione.","cute cartoon orange tabby cat standing on two legs wearing a blue and white striped t-shirt reading an open vintage book in cozy library, pixar 3d style, vertical 9:16|||cute cartoon orange tabby cat standing on two legs wearing a blue and white striped t-shirt looking out a bright window at a beautiful sunrise, pixar 3d style, vertical 9:16|||cute cartoon orange tabby cat standing on two legs wearing a blue and white striped t-shirt walking through a peaceful green park with blooming flowers, pixar 3d style, vertical 9:16|||cute cartoon orange tabby cat standing on two legs wearing a blue and white striped t-shirt smiling happily in front of a warm welcoming home, pixar 3d style, vertical 9:16"
74,Capolavoro Letterario 74,Charlotte Brontë,1894,Classico della Letteratura,"Un viaggio straordinario attraverso le pagine di un'opera immortale, dove l'ingegno, il coraggio e la passione umana affrontano le prove più grandi. Ogni capitolo svela una lezione profonda sull'importanza dei legami autentici, della lealtà e della ricerca di un rifugio sicuro per l'anima. Custodisci la bellezza dei tuoi sogni con dedizione.","cute cartoon orange tabby cat standing on two legs wearing a blue and white striped t-shirt reading an open vintage book in cozy library, pixar 3d style, vertical 9:16|||cute cartoon orange tabby cat standing on two legs wearing a blue and white striped t-shirt looking out a bright window at a beautiful sunrise, pixar 3d style, vertical 9:16|||cute cartoon orange tabby cat standing on two legs wearing a blue and white striped t-shirt walking through a peaceful green park with blooming flowers, pixar 3d style, vertical 9:16|||cute cartoon orange tabby cat standing on two legs wearing a blue and white striped t-shirt smiling happily in front of a warm welcoming home, pixar 3d style, vertical 9:16"
75,Capolavoro Letterario 75,Lev Tolstoj,1895,Romanzo Storico,"Un viaggio straordinario attraverso le pagine di un'opera immortale, dove l'ingegno, il coraggio e la passione umana affrontano le prove più grandi. Ogni capitolo svela una lezione profonda sull'importanza dei legami autentici, della lealtà e della ricerca di un rifugio sicuro per l'anima. Custodisci la bellezza dei tuoi sogni con dedizione.","cute cartoon orange tabby cat standing on two legs wearing a blue and white striped t-shirt reading an open vintage book in cozy library, pixar 3d style, vertical 9:16|||cute cartoon orange tabby cat standing on two legs wearing a blue and white striped t-shirt looking out a bright window at a beautiful sunrise, pixar 3d style, vertical 9:16|||cute cartoon orange tabby cat standing on two legs wearing a blue and white striped t-shirt walking through a peaceful green park with blooming flowers, pixar 3d style, vertical 9:16|||cute cartoon orange tabby cat standing on two legs wearing a blue and white striped t-shirt smiling happily in front of a warm welcoming home, pixar 3d style, vertical 9:16"
76,Capolavoro Letterario 76,Fëdor Dostoevskij,1896,Narrativa Fantastica,"Un viaggio straordinario attraverso le pagine di un'opera immortale, dove l'ingegno, il coraggio e la passione umana affrontano le prove più grandi. Ogni capitolo svela una lezione profonda sull'importanza dei legami autentici, della lealtà e della ricerca di un rifugio sicuro per l'anima. Custodisci la bellezza dei tuoi sogni con dedizione.","cute cartoon orange tabby cat standing on two legs wearing a blue and white striped t-shirt reading an open vintage book in cozy library, pixar 3d style, vertical 9:16|||cute cartoon orange tabby cat standing on two legs wearing a blue and white striped t-shirt looking out a bright window at a beautiful sunrise, pixar 3d style, vertical 9:16|||cute cartoon orange tabby cat standing on two legs wearing a blue and white striped t-shirt walking through a peaceful green park with blooming flowers, pixar 3d style, vertical 9:16|||cute cartoon orange tabby cat standing on two legs wearing a blue and white striped t-shirt smiling happily in front of a warm welcoming home, pixar 3d style, vertical 9:16"
77,Capolavoro Letterario 77,Victor Hugo,1897,Romanzo Psicologico,"Un viaggio straordinario attraverso le pagine di un'opera immortale, dove l'ingegno, il coraggio e la passione umana affrontano le prove più grandi. Ogni capitolo svela una lezione profonda sull'importanza dei legami autentici, della lealtà e della ricerca di un rifugio sicuro per l'anima. Custodisci la bellezza dei tuoi sogni con dedizione.","cute cartoon orange tabby cat standing on two legs wearing a blue and white striped t-shirt reading an open vintage book in cozy library, pixar 3d style, vertical 9:16|||cute cartoon orange tabby cat standing on two legs wearing a blue and white striped t-shirt looking out a bright window at a beautiful sunrise, pixar 3d style, vertical 9:16|||cute cartoon orange tabby cat standing on two legs wearing a blue and white striped t-shirt walking through a peaceful green park with blooming flowers, pixar 3d style, vertical 9:16|||cute cartoon orange tabby cat standing on two legs wearing a blue and white striped t-shirt smiling happily in front of a warm welcoming home, pixar 3d style, vertical 9:16"
78,Capolavoro Letterario 78,Stendhal,1898,Giallo d'Epoca,"Un viaggio straordinario attraverso le pagine di un'opera immortale, dove l'ingegno, il coraggio e la passione umana affrontano le prove più grandi. Ogni capitolo svela una lezione profonda sull'importanza dei legami autentici, della lealtà e della ricerca di un rifugio sicuro per l'anima. Custodisci la bellezza dei tuoi sogni con dedizione.","cute cartoon orange tabby cat standing on two legs wearing a blue and white striped t-shirt reading an open vintage book in cozy library, pixar 3d style, vertical 9:16|||cute cartoon orange tabby cat standing on two legs wearing a blue and white striped t-shirt looking out a bright window at a beautiful sunrise, pixar 3d style, vertical 9:16|||cute cartoon orange tabby cat standing on two legs wearing a blue and white striped t-shirt walking through a peaceful green park with blooming flowers, pixar 3d style, vertical 9:16|||cute cartoon orange tabby cat standing on two legs wearing a blue and white striped t-shirt smiling happily in front of a warm welcoming home, pixar 3d style, vertical 9:16"
79,Capolavoro Letterario 79,Honoré de Balzac,1899,Epopea Marinara,"Un viaggio straordinario attraverso le pagine di un'opera immortale, dove l'ingegno, il coraggio e la passione umana affrontano le prove più grandi. Ogni capitolo svela una lezione profonda sull'importanza dei legami autentici, della lealtà e della ricerca di un rifugio sicuro per l'anima. Custodisci la bellezza dei tuoi sogni con dedizione.","cute cartoon orange tabby cat standing on two legs wearing a blue and white striped t-shirt reading an open vintage book in cozy library, pixar 3d style, vertical 9:16|||cute cartoon orange tabby cat standing on two legs wearing a blue and white striped t-shirt looking out a bright window at a beautiful sunrise, pixar 3d style, vertical 9:16|||cute cartoon orange tabby cat standing on two legs wearing a blue and white striped t-shirt walking through a peaceful green park with blooming flowers, pixar 3d style, vertical 9:16|||cute cartoon orange tabby cat standing on two legs wearing a blue and white striped t-shirt smiling happily in front of a warm welcoming home, pixar 3d style, vertical 9:16"
80,Capolavoro Letterario 80,Ivan Turgenev,1900,Romanzo di Formazione,"Un viaggio straordinario attraverso le pagine di un'opera immortale, dove l'ingegno, il coraggio e la passione umana affrontano le prove più grandi. Ogni capitolo svela una lezione profonda sull'importanza dei legami autentici, della lealtà e della ricerca di un rifugio sicuro per l'anima. Custodisci la bellezza dei tuoi sogni con dedizione.","cute cartoon orange tabby cat standing on two legs wearing a blue and white striped t-shirt reading an open vintage book in cozy library, pixar 3d style, vertical 9:16|||cute cartoon orange tabby cat standing on two legs wearing a blue and white striped t-shirt looking out a bright window at a beautiful sunrise, pixar 3d style, vertical 9:16|||cute cartoon orange tabby cat standing on two legs wearing a blue and white striped t-shirt walking through a peaceful green park with blooming flowers, pixar 3d style, vertical 9:16|||cute cartoon orange tabby cat standing on two legs wearing a blue and white striped t-shirt smiling happily in front of a warm welcoming home, pixar 3d style, vertical 9:16"
81,Capolavoro Letterario 81,Jules Verne,1901,Gotico e Mistero,"Un viaggio straordinario attraverso le pagine di un'opera immortale, dove l'ingegno, il coraggio e la passione umana affrontano le prove più grandi. Ogni capitolo svela una lezione profonda sull'importanza dei legami autentici, della lealtà e della ricerca di un rifugio sicuro per l'anima. Custodisci la bellezza dei tuoi sogni con dedizione.","cute cartoon orange tabby cat standing on two legs wearing a blue and white striped t-shirt reading an open vintage book in cozy library, pixar 3d style, vertical 9:16|||cute cartoon orange tabby cat standing on two legs wearing a blue and white striped t-shirt looking out a bright window at a beautiful sunrise, pixar 3d style, vertical 9:16|||cute cartoon orange tabby cat standing on two legs wearing a blue and white striped t-shirt walking through a peaceful green park with blooming flowers, pixar 3d style, vertical 9:16|||cute cartoon orange tabby cat standing on two legs wearing a blue and white striped t-shirt smiling happily in front of a warm welcoming home, pixar 3d style, vertical 9:16"
82,Capolavoro Letterario 82,Robert Louis Stevenson,1902,Romanzo d'Avventura,"Un viaggio straordinario attraverso le pagine di un'opera immortale, dove l'ingegno, il coraggio e la passione umana affrontano le prove più grandi. Ogni capitolo svela una lezione profonda sull'importanza dei legami autentici, della lealtà e della ricerca di un rifugio sicuro per l'anima. Custodisci la bellezza dei tuoi sogni con dedizione.","cute cartoon orange tabby cat standing on two legs wearing a blue and white striped t-shirt reading an open vintage book in cozy library, pixar 3d style, vertical 9:16|||cute cartoon orange tabby cat standing on two legs wearing a blue and white striped t-shirt looking out a bright window at a beautiful sunrise, pixar 3d style, vertical 9:16|||cute cartoon orange tabby cat standing on two legs wearing a blue and white striped t-shirt walking through a peaceful green park with blooming flowers, pixar 3d style, vertical 9:16|||cute cartoon orange tabby cat standing on two legs wearing a blue and white striped t-shirt smiling happily in front of a warm welcoming home, pixar 3d style, vertical 9:16"
83,Capolavoro Letterario 83,Charles Dickens,1903,Classico della Letteratura,"Un viaggio straordinario attraverso le pagine di un'opera immortale, dove l'ingegno, il coraggio e la passione umana affrontano le prove più grandi. Ogni capitolo svela una lezione profonda sull'importanza dei legami autentici, della lealtà e della ricerca di un rifugio sicuro per l'anima. Custodisci la bellezza dei tuoi sogni con dedizione.","cute cartoon orange tabby cat standing on two legs wearing a blue and white striped t-shirt reading an open vintage book in cozy library, pixar 3d style, vertical 9:16|||cute cartoon orange tabby cat standing on two legs wearing a blue and white striped t-shirt looking out a bright window at a beautiful sunrise, pixar 3d style, vertical 9:16|||cute cartoon orange tabby cat standing on two legs wearing a blue and white striped t-shirt walking through a peaceful green park with blooming flowers, pixar 3d style, vertical 9:16|||cute cartoon orange tabby cat standing on two legs wearing a blue and white striped t-shirt smiling happily in front of a warm welcoming home, pixar 3d style, vertical 9:16"
84,Capolavoro Letterario 84,Alexandre Dumas,1904,Romanzo Storico,"Un viaggio straordinario attraverso le pagine di un'opera immortale, dove l'ingegno, il coraggio e la passione umana affrontano le prove più grandi. Ogni capitolo svela una lezione profonda sull'importanza dei legami autentici, della lealtà e della ricerca di un rifugio sicuro per l'anima. Custodisci la bellezza dei tuoi sogni con dedizione.","cute cartoon orange tabby cat standing on two legs wearing a blue and white striped t-shirt reading an open vintage book in cozy library, pixar 3d style, vertical 9:16|||cute cartoon orange tabby cat standing on two legs wearing a blue and white striped t-shirt looking out a bright window at a beautiful sunrise, pixar 3d style, vertical 9:16|||cute cartoon orange tabby cat standing on two legs wearing a blue and white striped t-shirt walking through a peaceful green park with blooming flowers, pixar 3d style, vertical 9:16|||cute cartoon orange tabby cat standing on two legs wearing a blue and white striped t-shirt smiling happily in front of a warm welcoming home, pixar 3d style, vertical 9:16"
85,Capolavoro Letterario 85,Arthur Conan Doyle,1905,Narrativa Fantastica,"Un viaggio straordinario attraverso le pagine di un'opera immortale, dove l'ingegno, il coraggio e la passione umana affrontano le prove più grandi. Ogni capitolo svela una lezione profonda sull'importanza dei legami autentici, della lealtà e della ricerca di un rifugio sicuro per l'anima. Custodisci la bellezza dei tuoi sogni con dedizione.","cute cartoon orange tabby cat standing on two legs wearing a blue and white striped t-shirt reading an open vintage book in cozy library, pixar 3d style, vertical 9:16|||cute cartoon orange tabby cat standing on two legs wearing a blue and white striped t-shirt looking out a bright window at a beautiful sunrise, pixar 3d style, vertical 9:16|||cute cartoon orange tabby cat standing on two legs wearing a blue and white striped t-shirt walking through a peaceful green park with blooming flowers, pixar 3d style, vertical 9:16|||cute cartoon orange tabby cat standing on two legs wearing a blue and white striped t-shirt smiling happily in front of a warm welcoming home, pixar 3d style, vertical 9:16"
86,Capolavoro Letterario 86,Herman Melville,1906,Romanzo Psicologico,"Un viaggio straordinario attraverso le pagine di un'opera immortale, dove l'ingegno, il coraggio e la passione umana affrontano le prove più grandi. Ogni capitolo svela una lezione profonda sull'importanza dei legami autentici, della lealtà e della ricerca di un rifugio sicuro per l'anima. Custodisci la bellezza dei tuoi sogni con dedizione.","cute cartoon orange tabby cat standing on two legs wearing a blue and white striped t-shirt reading an open vintage book in cozy library, pixar 3d style, vertical 9:16|||cute cartoon orange tabby cat standing on two legs wearing a blue and white striped t-shirt looking out a bright window at a beautiful sunrise, pixar 3d style, vertical 9:16|||cute cartoon orange tabby cat standing on two legs wearing a blue and white striped t-shirt walking through a peaceful green park with blooming flowers, pixar 3d style, vertical 9:16|||cute cartoon orange tabby cat standing on two legs wearing a blue and white striped t-shirt smiling happily in front of a warm welcoming home, pixar 3d style, vertical 9:16"
87,Capolavoro Letterario 87,Daniel Defoe,1907,Giallo d'Epoca,"Un viaggio straordinario attraverso le pagine di un'opera immortale, dove l'ingegno, il coraggio e la passione umana affrontano le prove più grandi. Ogni capitolo svela una lezione profonda sull'importanza dei legami autentici, della lealtà e della ricerca di un rifugio sicuro per l'anima. Custodisci la bellezza dei tuoi sogni con dedizione.","cute cartoon orange tabby cat standing on two legs wearing a blue and white striped t-shirt reading an open vintage book in cozy library, pixar 3d style, vertical 9:16|||cute cartoon orange tabby cat standing on two legs wearing a blue and white striped t-shirt looking out a bright window at a beautiful sunrise, pixar 3d style, vertical 9:16|||cute cartoon orange tabby cat standing on two legs wearing a blue and white striped t-shirt walking through a peaceful green park with blooming flowers, pixar 3d style, vertical 9:16|||cute cartoon orange tabby cat standing on two legs wearing a blue and white striped t-shirt smiling happily in front of a warm welcoming home, pixar 3d style, vertical 9:16"
88,Capolavoro Letterario 88,Jack London,1908,Epopea Marinara,"Un viaggio straordinario attraverso le pagine di un'opera immortale, dove l'ingegno, il coraggio e la passione umana affrontano le prove più grandi. Ogni capitolo svela una lezione profonda sull'importanza dei legami autentici, della lealtà e della ricerca di un rifugio sicuro per l'anima. Custodisci la bellezza dei tuoi sogni con dedizione.","cute cartoon orange tabby cat standing on two legs wearing a blue and white striped t-shirt reading an open vintage book in cozy library, pixar 3d style, vertical 9:16|||cute cartoon orange tabby cat standing on two legs wearing a blue and white striped t-shirt looking out a bright window at a beautiful sunrise, pixar 3d style, vertical 9:16|||cute cartoon orange tabby cat standing on two legs wearing a blue and white striped t-shirt walking through a peaceful green park with blooming flowers, pixar 3d style, vertical 9:16|||cute cartoon orange tabby cat standing on two legs wearing a blue and white striped t-shirt smiling happily in front of a warm welcoming home, pixar 3d style, vertical 9:16"
89,Capolavoro Letterario 89,Jane Austen,1909,Romanzo di Formazione,"Un viaggio straordinario attraverso le pagine di un'opera immortale, dove l'ingegno, il coraggio e la passione umana affrontano le prove più grandi. Ogni capitolo svela una lezione profonda sull'importanza dei legami autentici, della lealtà e della ricerca di un rifugio sicuro per l'anima. Custodisci la bellezza dei tuoi sogni con dedizione.","cute cartoon orange tabby cat standing on two legs wearing a blue and white striped t-shirt reading an open vintage book in cozy library, pixar 3d style, vertical 9:16|||cute cartoon orange tabby cat standing on two legs wearing a blue and white striped t-shirt looking out a bright window at a beautiful sunrise, pixar 3d style, vertical 9:16|||cute cartoon orange tabby cat standing on two legs wearing a blue and white striped t-shirt walking through a peaceful green park with blooming flowers, pixar 3d style, vertical 9:16|||cute cartoon orange tabby cat standing on two legs wearing a blue and white striped t-shirt smiling happily in front of a warm welcoming home, pixar 3d style, vertical 9:16"
90,Capolavoro Letterario 90,Mark Twain,1820,Gotico e Mistero,"Un viaggio straordinario attraverso le pagine di un'opera immortale, dove l'ingegno, il coraggio e la passione umana affrontano le prove più grandi. Ogni capitolo svela una lezione profonda sull'importanza dei legami autentici, della lealtà e della ricerca di un rifugio sicuro per l'anima. Custodisci la bellezza dei tuoi sogni con dedizione.","cute cartoon orange tabby cat standing on two legs wearing a blue and white striped t-shirt reading an open vintage book in cozy library, pixar 3d style, vertical 9:16|||cute cartoon orange tabby cat standing on two legs wearing a blue and white striped t-shirt looking out a bright window at a beautiful sunrise, pixar 3d style, vertical 9:16|||cute cartoon orange tabby cat standing on two legs wearing a blue and white striped t-shirt walking through a peaceful green park with blooming flowers, pixar 3d style, vertical 9:16|||cute cartoon orange tabby cat standing on two legs wearing a blue and white striped t-shirt smiling happily in front of a warm welcoming home, pixar 3d style, vertical 9:16"
91,Capolavoro Letterario 91,Edgar Allan Poe,1821,Romanzo d'Avventura,"Un viaggio straordinario attraverso le pagine di un'opera immortale, dove l'ingegno, il coraggio e la passione umana affrontano le prove più grandi. Ogni capitolo svela una lezione profonda sull'importanza dei legami autentici, della lealtà e della ricerca di un rifugio sicuro per l'anima. Custodisci la bellezza dei tuoi sogni con dedizione.","cute cartoon orange tabby cat standing on two legs wearing a blue and white striped t-shirt reading an open vintage book in cozy library, pixar 3d style, vertical 9:16|||cute cartoon orange tabby cat standing on two legs wearing a blue and white striped t-shirt looking out a bright window at a beautiful sunrise, pixar 3d style, vertical 9:16|||cute cartoon orange tabby cat standing on two legs wearing a blue and white striped t-shirt walking through a peaceful green park with blooming flowers, pixar 3d style, vertical 9:16|||cute cartoon orange tabby cat standing on two legs wearing a blue and white striped t-shirt smiling happily in front of a warm welcoming home, pixar 3d style, vertical 9:16"
92,Capolavoro Letterario 92,Oscar Wilde,1822,Classico della Letteratura,"Un viaggio straordinario attraverso le pagine di un'opera immortale, dove l'ingegno, il coraggio e la passione umana affrontano le prove più grandi. Ogni capitolo svela una lezione profonda sull'importanza dei legami autentici, della lealtà e della ricerca di un rifugio sicuro per l'anima. Custodisci la bellezza dei tuoi sogni con dedizione.","cute cartoon orange tabby cat standing on two legs wearing a blue and white striped t-shirt reading an open vintage book in cozy library, pixar 3d style, vertical 9:16|||cute cartoon orange tabby cat standing on two legs wearing a blue and white striped t-shirt looking out a bright window at a beautiful sunrise, pixar 3d style, vertical 9:16|||cute cartoon orange tabby cat standing on two legs wearing a blue and white striped t-shirt walking through a peaceful green park with blooming flowers, pixar 3d style, vertical 9:16|||cute cartoon orange tabby cat standing on two legs wearing a blue and white striped t-shirt smiling happily in front of a warm welcoming home, pixar 3d style, vertical 9:16"
93,Capolavoro Letterario 93,Emily Brontë,1823,Romanzo Storico,"Un viaggio straordinario attraverso le pagine di un'opera immortale, dove l'ingegno, il coraggio e la passione umana affrontano le prove più grandi. Ogni capitolo svela una lezione profonda sull'importanza dei legami autentici, della lealtà e della ricerca di un rifugio sicuro per l'anima. Custodisci la bellezza dei tuoi sogni con dedizione.","cute cartoon orange tabby cat standing on two legs wearing a blue and white striped t-shirt reading an open vintage book in cozy library, pixar 3d style, vertical 9:16|||cute cartoon orange tabby cat standing on two legs wearing a blue and white striped t-shirt looking out a bright window at a beautiful sunrise, pixar 3d style, vertical 9:16|||cute cartoon orange tabby cat standing on two legs wearing a blue and white striped t-shirt walking through a peaceful green park with blooming flowers, pixar 3d style, vertical 9:16|||cute cartoon orange tabby cat standing on two legs wearing a blue and white striped t-shirt smiling happily in front of a warm welcoming home, pixar 3d style, vertical 9:16"
94,Capolavoro Letterario 94,Charlotte Brontë,1824,Narrativa Fantastica,"Un viaggio straordinario attraverso le pagine di un'opera immortale, dove l'ingegno, il coraggio e la passione umana affrontano le prove più grandi. Ogni capitolo svela una lezione profonda sull'importanza dei legami autentici, della lealtà e della ricerca di un rifugio sicuro per l'anima. Custodisci la bellezza dei tuoi sogni con dedizione.","cute cartoon orange tabby cat standing on two legs wearing a blue and white striped t-shirt reading an open vintage book in cozy library, pixar 3d style, vertical 9:16|||cute cartoon orange tabby cat standing on two legs wearing a blue and white striped t-shirt looking out a bright window at a beautiful sunrise, pixar 3d style, vertical 9:16|||cute cartoon orange tabby cat standing on two legs wearing a blue and white striped t-shirt walking through a peaceful green park with blooming flowers, pixar 3d style, vertical 9:16|||cute cartoon orange tabby cat standing on two legs wearing a blue and white striped t-shirt smiling happily in front of a warm welcoming home, pixar 3d style, vertical 9:16"
95,Capolavoro Letterario 95,Lev Tolstoj,1825,Romanzo Psicologico,"Un viaggio straordinario attraverso le pagine di un'opera immortale, dove l'ingegno, il coraggio e la passione umana affrontano le prove più grandi. Ogni capitolo svela una lezione profonda sull'importanza dei legami autentici, della lealtà e della ricerca di un rifugio sicuro per l'anima. Custodisci la bellezza dei tuoi sogni con dedizione.","cute cartoon orange tabby cat standing on two legs wearing a blue and white striped t-shirt reading an open vintage book in cozy library, pixar 3d style, vertical 9:16|||cute cartoon orange tabby cat standing on two legs wearing a blue and white striped t-shirt looking out a bright window at a beautiful sunrise, pixar 3d style, vertical 9:16|||cute cartoon orange tabby cat standing on two legs wearing a blue and white striped t-shirt walking through a peaceful green park with blooming flowers, pixar 3d style, vertical 9:16|||cute cartoon orange tabby cat standing on two legs wearing a blue and white striped t-shirt smiling happily in front of a warm welcoming home, pixar 3d style, vertical 9:16"
96,Capolavoro Letterario 96,Fëdor Dostoevskij,1826,Giallo d'Epoca,"Un viaggio straordinario attraverso le pagine di un'opera immortale, dove l'ingegno, il coraggio e la passione umana affrontano le prove più grandi. Ogni capitolo svela una lezione profonda sull'importanza dei legami autentici, della lealtà e della ricerca di un rifugio sicuro per l'anima. Custodisci la bellezza dei tuoi sogni con dedizione.","cute cartoon orange tabby cat standing on two legs wearing a blue and white striped t-shirt reading an open vintage book in cozy library, pixar 3d style, vertical 9:16|||cute cartoon orange tabby cat standing on two legs wearing a blue and white striped t-shirt looking out a bright window at a beautiful sunrise, pixar 3d style, vertical 9:16|||cute cartoon orange tabby cat standing on two legs wearing a blue and white striped t-shirt walking through a peaceful green park with blooming flowers, pixar 3d style, vertical 9:16|||cute cartoon orange tabby cat standing on two legs wearing a blue and white striped t-shirt smiling happily in front of a warm welcoming home, pixar 3d style, vertical 9:16"
97,Capolavoro Letterario 97,Victor Hugo,1827,Epopea Marinara,"Un viaggio straordinario attraverso le pagine di un'opera immortale, dove l'ingegno, il coraggio e la passione umana affrontano le prove più grandi. Ogni capitolo svela una lezione profonda sull'importanza dei legami autentici, della lealtà e della ricerca di un rifugio sicuro per l'anima. Custodisci la bellezza dei tuoi sogni con dedizione.","cute cartoon orange tabby cat standing on two legs wearing a blue and white striped t-shirt reading an open vintage book in cozy library, pixar 3d style, vertical 9:16|||cute cartoon orange tabby cat standing on two legs wearing a blue and white striped t-shirt looking out a bright window at a beautiful sunrise, pixar 3d style, vertical 9:16|||cute cartoon orange tabby cat standing on two legs wearing a blue and white striped t-shirt walking through a peaceful green park with blooming flowers, pixar 3d style, vertical 9:16|||cute cartoon orange tabby cat standing on two legs wearing a blue and white striped t-shirt smiling happily in front of a warm welcoming home, pixar 3d style, vertical 9:16"
98,Capolavoro Letterario 98,Stendhal,1828,Romanzo di Formazione,"Un viaggio straordinario attraverso le pagine di un'opera immortale, dove l'ingegno, il coraggio e la passione umana affrontano le prove più grandi. Ogni capitolo svela una lezione profonda sull'importanza dei legami autentici, della lealtà e della ricerca di un rifugio sicuro per l'anima. Custodisci la bellezza dei tuoi sogni con dedizione.","cute cartoon orange tabby cat standing on two legs wearing a blue and white striped t-shirt reading an open vintage book in cozy library, pixar 3d style, vertical 9:16|||cute cartoon orange tabby cat standing on two legs wearing a blue and white striped t-shirt looking out a bright window at a beautiful sunrise, pixar 3d style, vertical 9:16|||cute cartoon orange tabby cat standing on two legs wearing a blue and white striped t-shirt walking through a peaceful green park with blooming flowers, pixar 3d style, vertical 9:16|||cute cartoon orange tabby cat standing on two legs wearing a blue and white striped t-shirt smiling happily in front of a warm welcoming home, pixar 3d style, vertical 9:16"
99,Capolavoro Letterario 99,Honoré de Balzac,1829,Gotico e Mistero,"Un viaggio straordinario attraverso le pagine di un'opera immortale, dove l'ingegno, il coraggio e la passione umana affrontano le prove più grandi. Ogni capitolo svela una lezione profonda sull'importanza dei legami autentici, della lealtà e della ricerca di un rifugio sicuro per l'anima. Custodisci la bellezza dei tuoi sogni con dedizione.","cute cartoon orange tabby cat standing on two legs wearing a blue and white striped t-shirt reading an open vintage book in cozy library, pixar 3d style, vertical 9:16|||cute cartoon orange tabby cat standing on two legs wearing a blue and white striped t-shirt looking out a bright window at a beautiful sunrise, pixar 3d style, vertical 9:16|||cute cartoon orange tabby cat standing on two legs wearing a blue and white striped t-shirt walking through a peaceful green park with blooming flowers, pixar 3d style, vertical 9:16|||cute cartoon orange tabby cat standing on two legs wearing a blue and white striped t-shirt smiling happily in front of a warm welcoming home, pixar 3d style, vertical 9:16"
100,Capolavoro Letterario 100,Ivan Turgenev,1830,Romanzo d'Avventura,"Un viaggio straordinario attraverso le pagine di un'opera immortale, dove l'ingegno, il coraggio e la passione umana affrontano le prove più grandi. Ogni capitolo svela una lezione profonda sull'importanza dei legami autentici, della lealtà e della ricerca di un rifugio sicuro per l'anima. Custodisci la bellezza dei tuoi sogni con dedizione.","cute cartoon orange tabby cat standing on two legs wearing a blue and white striped t-shirt reading an open vintage book in cozy library, pixar 3d style, vertical 9:16|||cute cartoon orange tabby cat standing on two legs wearing a blue and white striped t-shirt looking out a bright window at a beautiful sunrise, pixar 3d style, vertical 9:16|||cute cartoon orange tabby cat standing on two legs wearing a blue and white striped t-shirt walking through a peaceful green park with blooming flowers, pixar 3d style, vertical 9:16|||cute cartoon orange tabby cat standing on two legs wearing a blue and white striped t-shirt smiling happily in front of a warm welcoming home, pixar 3d style, vertical 9:16"
101,Capolavoro Letterario 101,Jules Verne,1831,Classico della Letteratura,"Un viaggio straordinario attraverso le pagine di un'opera immortale, dove l'ingegno, il coraggio e la passione umana affrontano le prove più grandi. Ogni capitolo svela una lezione profonda sull'importanza dei legami autentici, della lealtà e della ricerca di un rifugio sicuro per l'anima. Custodisci la bellezza dei tuoi sogni con dedizione.","cute cartoon orange tabby cat standing on two legs wearing a blue and white striped t-shirt reading an open vintage book in cozy library, pixar 3d style, vertical 9:16|||cute cartoon orange tabby cat standing on two legs wearing a blue and white striped t-shirt looking out a bright window at a beautiful sunrise, pixar 3d style, vertical 9:16|||cute cartoon orange tabby cat standing on two legs wearing a blue and white striped t-shirt walking through a peaceful green park with blooming flowers, pixar 3d style, vertical 9:16|||cute cartoon orange tabby cat standing on two legs wearing a blue and white striped t-shirt smiling happily in front of a warm welcoming home, pixar 3d style, vertical 9:16"
102,Capolavoro Letterario 102,Robert Louis Stevenson,1832,Romanzo Storico,"Un viaggio straordinario attraverso le pagine di un'opera immortale, dove l'ingegno, il coraggio e la passione umana affrontano le prove più grandi. Ogni capitolo svela una lezione profonda sull'importanza dei legami autentici, della lealtà e della ricerca di un rifugio sicuro per l'anima. Custodisci la bellezza dei tuoi sogni con dedizione.","cute cartoon orange tabby cat standing on two legs wearing a blue and white striped t-shirt reading an open vintage book in cozy library, pixar 3d style, vertical 9:16|||cute cartoon orange tabby cat standing on two legs wearing a blue and white striped t-shirt looking out a bright window at a beautiful sunrise, pixar 3d style, vertical 9:16|||cute cartoon orange tabby cat standing on two legs wearing a blue and white striped t-shirt walking through a peaceful green park with blooming flowers, pixar 3d style, vertical 9:16|||cute cartoon orange tabby cat standing on two legs wearing a blue and white striped t-shirt smiling happily in front of a warm welcoming home, pixar 3d style, vertical 9:16"
103,Capolavoro Letterario 103,Charles Dickens,1833,Narrativa Fantastica,"Un viaggio straordinario attraverso le pagine di un'opera immortale, dove l'ingegno, il coraggio e la passione umana affrontano le prove più grandi. Ogni capitolo svela una lezione profonda sull'importanza dei legami autentici, della lealtà e della ricerca di un rifugio sicuro per l'anima. Custodisci la bellezza dei tuoi sogni con dedizione.","cute cartoon orange tabby cat standing on two legs wearing a blue and white striped t-shirt reading an open vintage book in cozy library, pixar 3d style, vertical 9:16|||cute cartoon orange tabby cat standing on two legs wearing a blue and white striped t-shirt looking out a bright window at a beautiful sunrise, pixar 3d style, vertical 9:16|||cute cartoon orange tabby cat standing on two legs wearing a blue and white striped t-shirt walking through a peaceful green park with blooming flowers, pixar 3d style, vertical 9:16|||cute cartoon orange tabby cat standing on two legs wearing a blue and white striped t-shirt smiling happily in front of a warm welcoming home, pixar 3d style, vertical 9:16"
104,Capolavoro Letterario 104,Alexandre Dumas,1834,Romanzo Psicologico,"Un viaggio straordinario attraverso le pagine di un'opera immortale, dove l'ingegno, il coraggio e la passione umana affrontano le prove più grandi. Ogni capitolo svela una lezione profonda sull'importanza dei legami autentici, della lealtà e della ricerca di un rifugio sicuro per l'anima. Custodisci la bellezza dei tuoi sogni con dedizione.","cute cartoon orange tabby cat standing on two legs wearing a blue and white striped t-shirt reading an open vintage book in cozy library, pixar 3d style, vertical 9:16|||cute cartoon orange tabby cat standing on two legs wearing a blue and white striped t-shirt looking out a bright window at a beautiful sunrise, pixar 3d style, vertical 9:16|||cute cartoon orange tabby cat standing on two legs wearing a blue and white striped t-shirt walking through a peaceful green park with blooming flowers, pixar 3d style, vertical 9:16|||cute cartoon orange tabby cat standing on two legs wearing a blue and white striped t-shirt smiling happily in front of a warm welcoming home, pixar 3d style, vertical 9:16"
105,Capolavoro Letterario 105,Arthur Conan Doyle,1835,Giallo d'Epoca,"Un viaggio straordinario attraverso le pagine di un'opera immortale, dove l'ingegno, il coraggio e la passione umana affrontano le prove più grandi. Ogni capitolo svela una lezione profonda sull'importanza dei legami autentici, della lealtà e della ricerca di un rifugio sicuro per l'anima. Custodisci la bellezza dei tuoi sogni con dedizione.","cute cartoon orange tabby cat standing on two legs wearing a blue and white striped t-shirt reading an open vintage book in cozy library, pixar 3d style, vertical 9:16|||cute cartoon orange tabby cat standing on two legs wearing a blue and white striped t-shirt looking out a bright window at a beautiful sunrise, pixar 3d style, vertical 9:16|||cute cartoon orange tabby cat standing on two legs wearing a blue and white striped t-shirt walking through a peaceful green park with blooming flowers, pixar 3d style, vertical 9:16|||cute cartoon orange tabby cat standing on two legs wearing a blue and white striped t-shirt smiling happily in front of a warm welcoming home, pixar 3d style, vertical 9:16"
106,Capolavoro Letterario 106,Herman Melville,1836,Epopea Marinara,"Un viaggio straordinario attraverso le pagine di un'opera immortale, dove l'ingegno, il coraggio e la passione umana affrontano le prove più grandi. Ogni capitolo svela una lezione profonda sull'importanza dei legami autentici, della lealtà e della ricerca di un rifugio sicuro per l'anima. Custodisci la bellezza dei tuoi sogni con dedizione.","cute cartoon orange tabby cat standing on two legs wearing a blue and white striped t-shirt reading an open vintage book in cozy library, pixar 3d style, vertical 9:16|||cute cartoon orange tabby cat standing on two legs wearing a blue and white striped t-shirt looking out a bright window at a beautiful sunrise, pixar 3d style, vertical 9:16|||cute cartoon orange tabby cat standing on two legs wearing a blue and white striped t-shirt walking through a peaceful green park with blooming flowers, pixar 3d style, vertical 9:16|||cute cartoon orange tabby cat standing on two legs wearing a blue and white striped t-shirt smiling happily in front of a warm welcoming home, pixar 3d style, vertical 9:16"
107,Capolavoro Letterario 107,Daniel Defoe,1837,Romanzo di Formazione,"Un viaggio straordinario attraverso le pagine di un'opera immortale, dove l'ingegno, il coraggio e la passione umana affrontano le prove più grandi. Ogni capitolo svela una lezione profonda sull'importanza dei legami autentici, della lealtà e della ricerca di un rifugio sicuro per l'anima. Custodisci la bellezza dei tuoi sogni con dedizione.","cute cartoon orange tabby cat standing on two legs wearing a blue and white striped t-shirt reading an open vintage book in cozy library, pixar 3d style, vertical 9:16|||cute cartoon orange tabby cat standing on two legs wearing a blue and white striped t-shirt looking out a bright window at a beautiful sunrise, pixar 3d style, vertical 9:16|||cute cartoon orange tabby cat standing on two legs wearing a blue and white striped t-shirt walking through a peaceful green park with blooming flowers, pixar 3d style, vertical 9:16|||cute cartoon orange tabby cat standing on two legs wearing a blue and white striped t-shirt smiling happily in front of a warm welcoming home, pixar 3d style, vertical 9:16"
108,Capolavoro Letterario 108,Jack London,1838,Gotico e Mistero,"Un viaggio straordinario attraverso le pagine di un'opera immortale, dove l'ingegno, il coraggio e la passione umana affrontano le prove più grandi. Ogni capitolo svela una lezione profonda sull'importanza dei legami autentici, della lealtà e della ricerca di un rifugio sicuro per l'anima. Custodisci la bellezza dei tuoi sogni con dedizione.","cute cartoon orange tabby cat standing on two legs wearing a blue and white striped t-shirt reading an open vintage book in cozy library, pixar 3d style, vertical 9:16|||cute cartoon orange tabby cat standing on two legs wearing a blue and white striped t-shirt looking out a bright window at a beautiful sunrise, pixar 3d style, vertical 9:16|||cute cartoon orange tabby cat standing on two legs wearing a blue and white striped t-shirt walking through a peaceful green park with blooming flowers, pixar 3d style, vertical 9:16|||cute cartoon orange tabby cat standing on two legs wearing a blue and white striped t-shirt smiling happily in front of a warm welcoming home, pixar 3d style, vertical 9:16"
109,Capolavoro Letterario 109,Jane Austen,1839,Romanzo d'Avventura,"Un viaggio straordinario attraverso le pagine di un'opera immortale, dove l'ingegno, il coraggio e la passione umana affrontano le prove più grandi. Ogni capitolo svela una lezione profonda sull'importanza dei legami autentici, della lealtà e della ricerca di un rifugio sicuro per l'anima. Custodisci la bellezza dei tuoi sogni con dedizione.","cute cartoon orange tabby cat standing on two legs wearing a blue and white striped t-shirt reading an open vintage book in cozy library, pixar 3d style, vertical 9:16|||cute cartoon orange tabby cat standing on two legs wearing a blue and white striped t-shirt looking out a bright window at a beautiful sunrise, pixar 3d style, vertical 9:16|||cute cartoon orange tabby cat standing on two legs wearing a blue and white striped t-shirt walking through a peaceful green park with blooming flowers, pixar 3d style, vertical 9:16|||cute cartoon orange tabby cat standing on two legs wearing a blue and white striped t-shirt smiling happily in front of a warm welcoming home, pixar 3d style, vertical 9:16"
110,Capolavoro Letterario 110,Mark Twain,1840,Classico della Letteratura,"Un viaggio straordinario attraverso le pagine di un'opera immortale, dove l'ingegno, il coraggio e la passione umana affrontano le prove più grandi. Ogni capitolo svela una lezione profonda sull'importanza dei legami autentici, della lealtà e della ricerca di un rifugio sicuro per l'anima. Custodisci la bellezza dei tuoi sogni con dedizione.","cute cartoon orange tabby cat standing on two legs wearing a blue and white striped t-shirt reading an open vintage book in cozy library, pixar 3d style, vertical 9:16|||cute cartoon orange tabby cat standing on two legs wearing a blue and white striped t-shirt looking out a bright window at a beautiful sunrise, pixar 3d style, vertical 9:16|||cute cartoon orange tabby cat standing on two legs wearing a blue and white striped t-shirt walking through a peaceful green park with blooming flowers, pixar 3d style, vertical 9:16|||cute cartoon orange tabby cat standing on two legs wearing a blue and white striped t-shirt smiling happily in front of a warm welcoming home, pixar 3d style, vertical 9:16"
111,Capolavoro Letterario 111,Edgar Allan Poe,1841,Romanzo Storico,"Un viaggio straordinario attraverso le pagine di un'opera immortale, dove l'ingegno, il coraggio e la passione umana affrontano le prove più grandi. Ogni capitolo svela una lezione profonda sull'importanza dei legami autentici, della lealtà e della ricerca di un rifugio sicuro per l'anima. Custodisci la bellezza dei tuoi sogni con dedizione.","cute cartoon orange tabby cat standing on two legs wearing a blue and white striped t-shirt reading an open vintage book in cozy library, pixar 3d style, vertical 9:16|||cute cartoon orange tabby cat standing on two legs wearing a blue and white striped t-shirt looking out a bright window at a beautiful sunrise, pixar 3d style, vertical 9:16|||cute cartoon orange tabby cat standing on two legs wearing a blue and white striped t-shirt walking through a peaceful green park with blooming flowers, pixar 3d style, vertical 9:16|||cute cartoon orange tabby cat standing on two legs wearing a blue and white striped t-shirt smiling happily in front of a warm welcoming home, pixar 3d style, vertical 9:16"
112,Capolavoro Letterario 112,Oscar Wilde,1842,Narrativa Fantastica,"Un viaggio straordinario attraverso le pagine di un'opera immortale, dove l'ingegno, il coraggio e la passione umana affrontano le prove più grandi. Ogni capitolo svela una lezione profonda sull'importanza dei legami autentici, della lealtà e della ricerca di un rifugio sicuro per l'anima. Custodisci la bellezza dei tuoi sogni con dedizione.","cute cartoon orange tabby cat standing on two legs wearing a blue and white striped t-shirt reading an open vintage book in cozy library, pixar 3d style, vertical 9:16|||cute cartoon orange tabby cat standing on two legs wearing a blue and white striped t-shirt looking out a bright window at a beautiful sunrise, pixar 3d style, vertical 9:16|||cute cartoon orange tabby cat standing on two legs wearing a blue and white striped t-shirt walking through a peaceful green park with blooming flowers, pixar 3d style, vertical 9:16|||cute cartoon orange tabby cat standing on two legs wearing a blue and white striped t-shirt smiling happily in front of a warm welcoming home, pixar 3d style, vertical 9:16"
113,Capolavoro Letterario 113,Emily Brontë,1843,Romanzo Psicologico,"Un viaggio straordinario attraverso le pagine di un'opera immortale, dove l'ingegno, il coraggio e la passione umana affrontano le prove più grandi. Ogni capitolo svela una lezione profonda sull'importanza dei legami autentici, della lealtà e della ricerca di un rifugio sicuro per l'anima. Custodisci la bellezza dei tuoi sogni con dedizione.","cute cartoon orange tabby cat standing on two legs wearing a blue and white striped t-shirt reading an open vintage book in cozy library, pixar 3d style, vertical 9:16|||cute cartoon orange tabby cat standing on two legs wearing a blue and white striped t-shirt looking out a bright window at a beautiful sunrise, pixar 3d style, vertical 9:16|||cute cartoon orange tabby cat standing on two legs wearing a blue and white striped t-shirt walking through a peaceful green park with blooming flowers, pixar 3d style, vertical 9:16|||cute cartoon orange tabby cat standing on two legs wearing a blue and white striped t-shirt smiling happily in front of a warm welcoming home, pixar 3d style, vertical 9:16"
114,Capolavoro Letterario 114,Charlotte Brontë,1844,Giallo d'Epoca,"Un viaggio straordinario attraverso le pagine di un'opera immortale, dove l'ingegno, il coraggio e la passione umana affrontano le prove più grandi. Ogni capitolo svela una lezione profonda sull'importanza dei legami autentici, della lealtà e della ricerca di un rifugio sicuro per l'anima. Custodisci la bellezza dei tuoi sogni con dedizione.","cute cartoon orange tabby cat standing on two legs wearing a blue and white striped t-shirt reading an open vintage book in cozy library, pixar 3d style, vertical 9:16|||cute cartoon orange tabby cat standing on two legs wearing a blue and white striped t-shirt looking out a bright window at a beautiful sunrise, pixar 3d style, vertical 9:16|||cute cartoon orange tabby cat standing on two legs wearing a blue and white striped t-shirt walking through a peaceful green park with blooming flowers, pixar 3d style, vertical 9:16|||cute cartoon orange tabby cat standing on two legs wearing a blue and white striped t-shirt smiling happily in front of a warm welcoming home, pixar 3d style, vertical 9:16"
115,Capolavoro Letterario 115,Lev Tolstoj,1845,Epopea Marinara,"Un viaggio straordinario attraverso le pagine di un'opera immortale, dove l'ingegno, il coraggio e la passione umana affrontano le prove più grandi. Ogni capitolo svela una lezione profonda sull'importanza dei legami autentici, della lealtà e della ricerca di un rifugio sicuro per l'anima. Custodisci la bellezza dei tuoi sogni con dedizione.","cute cartoon orange tabby cat standing on two legs wearing a blue and white striped t-shirt reading an open vintage book in cozy library, pixar 3d style, vertical 9:16|||cute cartoon orange tabby cat standing on two legs wearing a blue and white striped t-shirt looking out a bright window at a beautiful sunrise, pixar 3d style, vertical 9:16|||cute cartoon orange tabby cat standing on two legs wearing a blue and white striped t-shirt walking through a peaceful green park with blooming flowers, pixar 3d style, vertical 9:16|||cute cartoon orange tabby cat standing on two legs wearing a blue and white striped t-shirt smiling happily in front of a warm welcoming home, pixar 3d style, vertical 9:16"
116,Capolavoro Letterario 116,Fëdor Dostoevskij,1846,Romanzo di Formazione,"Un viaggio straordinario attraverso le pagine di un'opera immortale, dove l'ingegno, il coraggio e la passione umana affrontano le prove più grandi. Ogni capitolo svela una lezione profonda sull'importanza dei legami autentici, della lealtà e della ricerca di un rifugio sicuro per l'anima. Custodisci la bellezza dei tuoi sogni con dedizione.","cute cartoon orange tabby cat standing on two legs wearing a blue and white striped t-shirt reading an open vintage book in cozy library, pixar 3d style, vertical 9:16|||cute cartoon orange tabby cat standing on two legs wearing a blue and white striped t-shirt looking out a bright window at a beautiful sunrise, pixar 3d style, vertical 9:16|||cute cartoon orange tabby cat standing on two legs wearing a blue and white striped t-shirt walking through a peaceful green park with blooming flowers, pixar 3d style, vertical 9:16|||cute cartoon orange tabby cat standing on two legs wearing a blue and white striped t-shirt smiling happily in front of a warm welcoming home, pixar 3d style, vertical 9:16"
117,Capolavoro Letterario 117,Victor Hugo,1847,Gotico e Mistero,"Un viaggio straordinario attraverso le pagine di un'opera immortale, dove l'ingegno, il coraggio e la passione umana affrontano le prove più grandi. Ogni capitolo svela una lezione profonda sull'importanza dei legami autentici, della lealtà e della ricerca di un rifugio sicuro per l'anima. Custodisci la bellezza dei tuoi sogni con dedizione.","cute cartoon orange tabby cat standing on two legs wearing a blue and white striped t-shirt reading an open vintage book in cozy library, pixar 3d style, vertical 9:16|||cute cartoon orange tabby cat standing on two legs wearing a blue and white striped t-shirt looking out a bright window at a beautiful sunrise, pixar 3d style, vertical 9:16|||cute cartoon orange tabby cat standing on two legs wearing a blue and white striped t-shirt walking through a peaceful green park with blooming flowers, pixar 3d style, vertical 9:16|||cute cartoon orange tabby cat standing on two legs wearing a blue and white striped t-shirt smiling happily in front of a warm welcoming home, pixar 3d style, vertical 9:16"
118,Capolavoro Letterario 118,Stendhal,1848,Romanzo d'Avventura,"Un viaggio straordinario attraverso le pagine di un'opera immortale, dove l'ingegno, il coraggio e la passione umana affrontano le prove più grandi. Ogni capitolo svela una lezione profonda sull'importanza dei legami autentici, della lealtà e della ricerca di un rifugio sicuro per l'anima. Custodisci la bellezza dei tuoi sogni con dedizione.","cute cartoon orange tabby cat standing on two legs wearing a blue and white striped t-shirt reading an open vintage book in cozy library, pixar 3d style, vertical 9:16|||cute cartoon orange tabby cat standing on two legs wearing a blue and white striped t-shirt looking out a bright window at a beautiful sunrise, pixar 3d style, vertical 9:16|||cute cartoon orange tabby cat standing on two legs wearing a blue and white striped t-shirt walking through a peaceful green park with blooming flowers, pixar 3d style, vertical 9:16|||cute cartoon orange tabby cat standing on two legs wearing a blue and white striped t-shirt smiling happily in front of a warm welcoming home, pixar 3d style, vertical 9:16"
119,Capolavoro Letterario 119,Honoré de Balzac,1849,Classico della Letteratura,"Un viaggio straordinario attraverso le pagine di un'opera immortale, dove l'ingegno, il coraggio e la passione umana affrontano le prove più grandi. Ogni capitolo svela una lezione profonda sull'importanza dei legami autentici, della lealtà e della ricerca di un rifugio sicuro per l'anima. Custodisci la bellezza dei tuoi sogni con dedizione.","cute cartoon orange tabby cat standing on two legs wearing a blue and white striped t-shirt reading an open vintage book in cozy library, pixar 3d style, vertical 9:16|||cute cartoon orange tabby cat standing on two legs wearing a blue and white striped t-shirt looking out a bright window at a beautiful sunrise, pixar 3d style, vertical 9:16|||cute cartoon orange tabby cat standing on two legs wearing a blue and white striped t-shirt walking through a peaceful green park with blooming flowers, pixar 3d style, vertical 9:16|||cute cartoon orange tabby cat standing on two legs wearing a blue and white striped t-shirt smiling happily in front of a warm welcoming home, pixar 3d style, vertical 9:16"
120,Capolavoro Letterario 120,Ivan Turgenev,1850,Romanzo Storico,"Un viaggio straordinario attraverso le pagine di un'opera immortale, dove l'ingegno, il coraggio e la passione umana affrontano le prove più grandi. Ogni capitolo svela una lezione profonda sull'importanza dei legami autentici, della lealtà e della ricerca di un rifugio sicuro per l'anima. Custodisci la bellezza dei tuoi sogni con dedizione.","cute cartoon orange tabby cat standing on two legs wearing a blue and white striped t-shirt reading an open vintage book in cozy library, pixar 3d style, vertical 9:16|||cute cartoon orange tabby cat standing on two legs wearing a blue and white striped t-shirt looking out a bright window at a beautiful sunrise, pixar 3d style, vertical 9:16|||cute cartoon orange tabby cat standing on two legs wearing a blue and white striped t-shirt walking through a peaceful green park with blooming flowers, pixar 3d style, vertical 9:16|||cute cartoon orange tabby cat standing on two legs wearing a blue and white striped t-shirt smiling happily in front of a warm welcoming home, pixar 3d style, vertical 9:16"
121,Capolavoro Letterario 121,Jules Verne,1851,Narrativa Fantastica,"Un viaggio straordinario attraverso le pagine di un'opera immortale, dove l'ingegno, il coraggio e la passione umana affrontano le prove più grandi. Ogni capitolo svela una lezione profonda sull'importanza dei legami autentici, della lealtà e della ricerca di un rifugio sicuro per l'anima. Custodisci la bellezza dei tuoi sogni con dedizione.","cute cartoon orange tabby cat standing on two legs wearing a blue and white striped t-shirt reading an open vintage book in cozy library, pixar 3d style, vertical 9:16|||cute cartoon orange tabby cat standing on two legs wearing a blue and white striped t-shirt looking out a bright window at a beautiful sunrise, pixar 3d style, vertical 9:16|||cute cartoon orange tabby cat standing on two legs wearing a blue and white striped t-shirt walking through a peaceful green park with blooming flowers, pixar 3d style, vertical 9:16|||cute cartoon orange tabby cat standing on two legs wearing a blue and white striped t-shirt smiling happily in front of a warm welcoming home, pixar 3d style, vertical 9:16"
122,Capolavoro Letterario 122,Robert Louis Stevenson,1852,Romanzo Psicologico,"Un viaggio straordinario attraverso le pagine di un'opera immortale, dove l'ingegno, il coraggio e la passione umana affrontano le prove più grandi. Ogni capitolo svela una lezione profonda sull'importanza dei legami autentici, della lealtà e della ricerca di un rifugio sicuro per l'anima. Custodisci la bellezza dei tuoi sogni con dedizione.","cute cartoon orange tabby cat standing on two legs wearing a blue and white striped t-shirt reading an open vintage book in cozy library, pixar 3d style, vertical 9:16|||cute cartoon orange tabby cat standing on two legs wearing a blue and white striped t-shirt looking out a bright window at a beautiful sunrise, pixar 3d style, vertical 9:16|||cute cartoon orange tabby cat standing on two legs wearing a blue and white striped t-shirt walking through a peaceful green park with blooming flowers, pixar 3d style, vertical 9:16|||cute cartoon orange tabby cat standing on two legs wearing a blue and white striped t-shirt smiling happily in front of a warm welcoming home, pixar 3d style, vertical 9:16"
123,Capolavoro Letterario 123,Charles Dickens,1853,Giallo d'Epoca,"Un viaggio straordinario attraverso le pagine di un'opera immortale, dove l'ingegno, il coraggio e la passione umana affrontano le prove più grandi. Ogni capitolo svela una lezione profonda sull'importanza dei legami autentici, della lealtà e della ricerca di un rifugio sicuro per l'anima. Custodisci la bellezza dei tuoi sogni con dedizione.","cute cartoon orange tabby cat standing on two legs wearing a blue and white striped t-shirt reading an open vintage book in cozy library, pixar 3d style, vertical 9:16|||cute cartoon orange tabby cat standing on two legs wearing a blue and white striped t-shirt looking out a bright window at a beautiful sunrise, pixar 3d style, vertical 9:16|||cute cartoon orange tabby cat standing on two legs wearing a blue and white striped t-shirt walking through a peaceful green park with blooming flowers, pixar 3d style, vertical 9:16|||cute cartoon orange tabby cat standing on two legs wearing a blue and white striped t-shirt smiling happily in front of a warm welcoming home, pixar 3d style, vertical 9:16"
124,Capolavoro Letterario 124,Alexandre Dumas,1854,Epopea Marinara,"Un viaggio straordinario attraverso le pagine di un'opera immortale, dove l'ingegno, il coraggio e la passione umana affrontano le prove più grandi. Ogni capitolo svela una lezione profonda sull'importanza dei legami autentici, della lealtà e della ricerca di un rifugio sicuro per l'anima. Custodisci la bellezza dei tuoi sogni con dedizione.","cute cartoon orange tabby cat standing on two legs wearing a blue and white striped t-shirt reading an open vintage book in cozy library, pixar 3d style, vertical 9:16|||cute cartoon orange tabby cat standing on two legs wearing a blue and white striped t-shirt looking out a bright window at a beautiful sunrise, pixar 3d style, vertical 9:16|||cute cartoon orange tabby cat standing on two legs wearing a blue and white striped t-shirt walking through a peaceful green park with blooming flowers, pixar 3d style, vertical 9:16|||cute cartoon orange tabby cat standing on two legs wearing a blue and white striped t-shirt smiling happily in front of a warm welcoming home, pixar 3d style, vertical 9:16"
125,Capolavoro Letterario 125,Arthur Conan Doyle,1855,Romanzo di Formazione,"Un viaggio straordinario attraverso le pagine di un'opera immortale, dove l'ingegno, il coraggio e la passione umana affrontano le prove più grandi. Ogni capitolo svela una lezione profonda sull'importanza dei legami autentici, della lealtà e della ricerca di un rifugio sicuro per l'anima. Custodisci la bellezza dei tuoi sogni con dedizione.","cute cartoon orange tabby cat standing on two legs wearing a blue and white striped t-shirt reading an open vintage book in cozy library, pixar 3d style, vertical 9:16|||cute cartoon orange tabby cat standing on two legs wearing a blue and white striped t-shirt looking out a bright window at a beautiful sunrise, pixar 3d style, vertical 9:16|||cute cartoon orange tabby cat standing on two legs wearing a blue and white striped t-shirt walking through a peaceful green park with blooming flowers, pixar 3d style, vertical 9:16|||cute cartoon orange tabby cat standing on two legs wearing a blue and white striped t-shirt smiling happily in front of a warm welcoming home, pixar 3d style, vertical 9:16"
126,Capolavoro Letterario 126,Herman Melville,1856,Gotico e Mistero,"Un viaggio straordinario attraverso le pagine di un'opera immortale, dove l'ingegno, il coraggio e la passione umana affrontano le prove più grandi. Ogni capitolo svela una lezione profonda sull'importanza dei legami autentici, della lealtà e della ricerca di un rifugio sicuro per l'anima. Custodisci la bellezza dei tuoi sogni con dedizione.","cute cartoon orange tabby cat standing on two legs wearing a blue and white striped t-shirt reading an open vintage book in cozy library, pixar 3d style, vertical 9:16|||cute cartoon orange tabby cat standing on two legs wearing a blue and white striped t-shirt looking out a bright window at a beautiful sunrise, pixar 3d style, vertical 9:16|||cute cartoon orange tabby cat standing on two legs wearing a blue and white striped t-shirt walking through a peaceful green park with blooming flowers, pixar 3d style, vertical 9:16|||cute cartoon orange tabby cat standing on two legs wearing a blue and white striped t-shirt smiling happily in front of a warm welcoming home, pixar 3d style, vertical 9:16"
127,Capolavoro Letterario 127,Daniel Defoe,1857,Romanzo d'Avventura,"Un viaggio straordinario attraverso le pagine di un'opera immortale, dove l'ingegno, il coraggio e la passione umana affrontano le prove più grandi. Ogni capitolo svela una lezione profonda sull'importanza dei legami autentici, della lealtà e della ricerca di un rifugio sicuro per l'anima. Custodisci la bellezza dei tuoi sogni con dedizione.","cute cartoon orange tabby cat standing on two legs wearing a blue and white striped t-shirt reading an open vintage book in cozy library, pixar 3d style, vertical 9:16|||cute cartoon orange tabby cat standing on two legs wearing a blue and white striped t-shirt looking out a bright window at a beautiful sunrise, pixar 3d style, vertical 9:16|||cute cartoon orange tabby cat standing on two legs wearing a blue and white striped t-shirt walking through a peaceful green park with blooming flowers, pixar 3d style, vertical 9:16|||cute cartoon orange tabby cat standing on two legs wearing a blue and white striped t-shirt smiling happily in front of a warm welcoming home, pixar 3d style, vertical 9:16"
128,Capolavoro Letterario 128,Jack London,1858,Classico della Letteratura,"Un viaggio straordinario attraverso le pagine di un'opera immortale, dove l'ingegno, il coraggio e la passione umana affrontano le prove più grandi. Ogni capitolo svela una lezione profonda sull'importanza dei legami autentici, della lealtà e della ricerca di un rifugio sicuro per l'anima. Custodisci la bellezza dei tuoi sogni con dedizione.","cute cartoon orange tabby cat standing on two legs wearing a blue and white striped t-shirt reading an open vintage book in cozy library, pixar 3d style, vertical 9:16|||cute cartoon orange tabby cat standing on two legs wearing a blue and white striped t-shirt looking out a bright window at a beautiful sunrise, pixar 3d style, vertical 9:16|||cute cartoon orange tabby cat standing on two legs wearing a blue and white striped t-shirt walking through a peaceful green park with blooming flowers, pixar 3d style, vertical 9:16|||cute cartoon orange tabby cat standing on two legs wearing a blue and white striped t-shirt smiling happily in front of a warm welcoming home, pixar 3d style, vertical 9:16"
129,Capolavoro Letterario 129,Jane Austen,1859,Romanzo Storico,"Un viaggio straordinario attraverso le pagine di un'opera immortale, dove l'ingegno, il coraggio e la passione umana affrontano le prove più grandi. Ogni capitolo svela una lezione profonda sull'importanza dei legami autentici, della lealtà e della ricerca di un rifugio sicuro per l'anima. Custodisci la bellezza dei tuoi sogni con dedizione.","cute cartoon orange tabby cat standing on two legs wearing a blue and white striped t-shirt reading an open vintage book in cozy library, pixar 3d style, vertical 9:16|||cute cartoon orange tabby cat standing on two legs wearing a blue and white striped t-shirt looking out a bright window at a beautiful sunrise, pixar 3d style, vertical 9:16|||cute cartoon orange tabby cat standing on two legs wearing a blue and white striped t-shirt walking through a peaceful green park with blooming flowers, pixar 3d style, vertical 9:16|||cute cartoon orange tabby cat standing on two legs wearing a blue and white striped t-shirt smiling happily in front of a warm welcoming home, pixar 3d style, vertical 9:16"
130,Capolavoro Letterario 130,Mark Twain,1860,Narrativa Fantastica,"Un viaggio straordinario attraverso le pagine di un'opera immortale, dove l'ingegno, il coraggio e la passione umana affrontano le prove più grandi. Ogni capitolo svela una lezione profonda sull'importanza dei legami autentici, della lealtà e della ricerca di un rifugio sicuro per l'anima. Custodisci la bellezza dei tuoi sogni con dedizione.","cute cartoon orange tabby cat standing on two legs wearing a blue and white striped t-shirt reading an open vintage book in cozy library, pixar 3d style, vertical 9:16|||cute cartoon orange tabby cat standing on two legs wearing a blue and white striped t-shirt looking out a bright window at a beautiful sunrise, pixar 3d style, vertical 9:16|||cute cartoon orange tabby cat standing on two legs wearing a blue and white striped t-shirt walking through a peaceful green park with blooming flowers, pixar 3d style, vertical 9:16|||cute cartoon orange tabby cat standing on two legs wearing a blue and white striped t-shirt smiling happily in front of a warm welcoming home, pixar 3d style, vertical 9:16"
131,Capolavoro Letterario 131,Edgar Allan Poe,1861,Romanzo Psicologico,"Un viaggio straordinario attraverso le pagine di un'opera immortale, dove l'ingegno, il coraggio e la passione umana affrontano le prove più grandi. Ogni capitolo svela una lezione profonda sull'importanza dei legami autentici, della lealtà e della ricerca di un rifugio sicuro per l'anima. Custodisci la bellezza dei tuoi sogni con dedizione.","cute cartoon orange tabby cat standing on two legs wearing a blue and white striped t-shirt reading an open vintage book in cozy library, pixar 3d style, vertical 9:16|||cute cartoon orange tabby cat standing on two legs wearing a blue and white striped t-shirt looking out a bright window at a beautiful sunrise, pixar 3d style, vertical 9:16|||cute cartoon orange tabby cat standing on two legs wearing a blue and white striped t-shirt walking through a peaceful green park with blooming flowers, pixar 3d style, vertical 9:16|||cute cartoon orange tabby cat standing on two legs wearing a blue and white striped t-shirt smiling happily in front of a warm welcoming home, pixar 3d style, vertical 9:16"
132,Capolavoro Letterario 132,Oscar Wilde,1862,Giallo d'Epoca,"Un viaggio straordinario attraverso le pagine di un'opera immortale, dove l'ingegno, il coraggio e la passione umana affrontano le prove più grandi. Ogni capitolo svela una lezione profonda sull'importanza dei legami autentici, della lealtà e della ricerca di un rifugio sicuro per l'anima. Custodisci la bellezza dei tuoi sogni con dedizione.","cute cartoon orange tabby cat standing on two legs wearing a blue and white striped t-shirt reading an open vintage book in cozy library, pixar 3d style, vertical 9:16|||cute cartoon orange tabby cat standing on two legs wearing a blue and white striped t-shirt looking out a bright window at a beautiful sunrise, pixar 3d style, vertical 9:16|||cute cartoon orange tabby cat standing on two legs wearing a blue and white striped t-shirt walking through a peaceful green park with blooming flowers, pixar 3d style, vertical 9:16|||cute cartoon orange tabby cat standing on two legs wearing a blue and white striped t-shirt smiling happily in front of a warm welcoming home, pixar 3d style, vertical 9:16"
133,Capolavoro Letterario 133,Emily Brontë,1863,Epopea Marinara,"Un viaggio straordinario attraverso le pagine di un'opera immortale, dove l'ingegno, il coraggio e la passione umana affrontano le prove più grandi. Ogni capitolo svela una lezione profonda sull'importanza dei legami autentici, della lealtà e della ricerca di un rifugio sicuro per l'anima. Custodisci la bellezza dei tuoi sogni con dedizione.","cute cartoon orange tabby cat standing on two legs wearing a blue and white striped t-shirt reading an open vintage book in cozy library, pixar 3d style, vertical 9:16|||cute cartoon orange tabby cat standing on two legs wearing a blue and white striped t-shirt looking out a bright window at a beautiful sunrise, pixar 3d style, vertical 9:16|||cute cartoon orange tabby cat standing on two legs wearing a blue and white striped t-shirt walking through a peaceful green park with blooming flowers, pixar 3d style, vertical 9:16|||cute cartoon orange tabby cat standing on two legs wearing a blue and white striped t-shirt smiling happily in front of a warm welcoming home, pixar 3d style, vertical 9:16"
134,Capolavoro Letterario 134,Charlotte Brontë,1864,Romanzo di Formazione,"Un viaggio straordinario attraverso le pagine di un'opera immortale, dove l'ingegno, il coraggio e la passione umana affrontano le prove più grandi. Ogni capitolo svela una lezione profonda sull'importanza dei legami autentici, della lealtà e della ricerca di un rifugio sicuro per l'anima. Custodisci la bellezza dei tuoi sogni con dedizione.","cute cartoon orange tabby cat standing on two legs wearing a blue and white striped t-shirt reading an open vintage book in cozy library, pixar 3d style, vertical 9:16|||cute cartoon orange tabby cat standing on two legs wearing a blue and white striped t-shirt looking out a bright window at a beautiful sunrise, pixar 3d style, vertical 9:16|||cute cartoon orange tabby cat standing on two legs wearing a blue and white striped t-shirt walking through a peaceful green park with blooming flowers, pixar 3d style, vertical 9:16|||cute cartoon orange tabby cat standing on two legs wearing a blue and white striped t-shirt smiling happily in front of a warm welcoming home, pixar 3d style, vertical 9:16"
135,Capolavoro Letterario 135,Lev Tolstoj,1865,Gotico e Mistero,"Un viaggio straordinario attraverso le pagine di un'opera immortale, dove l'ingegno, il coraggio e la passione umana affrontano le prove più grandi. Ogni capitolo svela una lezione profonda sull'importanza dei legami autentici, della lealtà e della ricerca di un rifugio sicuro per l'anima. Custodisci la bellezza dei tuoi sogni con dedizione.","cute cartoon orange tabby cat standing on two legs wearing a blue and white striped t-shirt reading an open vintage book in cozy library, pixar 3d style, vertical 9:16|||cute cartoon orange tabby cat standing on two legs wearing a blue and white striped t-shirt looking out a bright window at a beautiful sunrise, pixar 3d style, vertical 9:16|||cute cartoon orange tabby cat standing on two legs wearing a blue and white striped t-shirt walking through a peaceful green park with blooming flowers, pixar 3d style, vertical 9:16|||cute cartoon orange tabby cat standing on two legs wearing a blue and white striped t-shirt smiling happily in front of a warm welcoming home, pixar 3d style, vertical 9:16"
136,Capolavoro Letterario 136,Fëdor Dostoevskij,1866,Romanzo d'Avventura,"Un viaggio straordinario attraverso le pagine di un'opera immortale, dove l'ingegno, il coraggio e la passione umana affrontano le prove più grandi. Ogni capitolo svela una lezione profonda sull'importanza dei legami autentici, della lealtà e della ricerca di un rifugio sicuro per l'anima. Custodisci la bellezza dei tuoi sogni con dedizione.","cute cartoon orange tabby cat standing on two legs wearing a blue and white striped t-shirt reading an open vintage book in cozy library, pixar 3d style, vertical 9:16|||cute cartoon orange tabby cat standing on two legs wearing a blue and white striped t-shirt looking out a bright window at a beautiful sunrise, pixar 3d style, vertical 9:16|||cute cartoon orange tabby cat standing on two legs wearing a blue and white striped t-shirt walking through a peaceful green park with blooming flowers, pixar 3d style, vertical 9:16|||cute cartoon orange tabby cat standing on two legs wearing a blue and white striped t-shirt smiling happily in front of a warm welcoming home, pixar 3d style, vertical 9:16"
137,Capolavoro Letterario 137,Victor Hugo,1867,Classico della Letteratura,"Un viaggio straordinario attraverso le pagine di un'opera immortale, dove l'ingegno, il coraggio e la passione umana affrontano le prove più grandi. Ogni capitolo svela una lezione profonda sull'importanza dei legami autentici, della lealtà e della ricerca di un rifugio sicuro per l'anima. Custodisci la bellezza dei tuoi sogni con dedizione.","cute cartoon orange tabby cat standing on two legs wearing a blue and white striped t-shirt reading an open vintage book in cozy library, pixar 3d style, vertical 9:16|||cute cartoon orange tabby cat standing on two legs wearing a blue and white striped t-shirt looking out a bright window at a beautiful sunrise, pixar 3d style, vertical 9:16|||cute cartoon orange tabby cat standing on two legs wearing a blue and white striped t-shirt walking through a peaceful green park with blooming flowers, pixar 3d style, vertical 9:16|||cute cartoon orange tabby cat standing on two legs wearing a blue and white striped t-shirt smiling happily in front of a warm welcoming home, pixar 3d style, vertical 9:16"
138,Capolavoro Letterario 138,Stendhal,1868,Romanzo Storico,"Un viaggio straordinario attraverso le pagine di un'opera immortale, dove l'ingegno, il coraggio e la passione umana affrontano le prove più grandi. Ogni capitolo svela una lezione profonda sull'importanza dei legami autentici, della lealtà e della ricerca di un rifugio sicuro per l'anima. Custodisci la bellezza dei tuoi sogni con dedizione.","cute cartoon orange tabby cat standing on two legs wearing a blue and white striped t-shirt reading an open vintage book in cozy library, pixar 3d style, vertical 9:16|||cute cartoon orange tabby cat standing on two legs wearing a blue and white striped t-shirt looking out a bright window at a beautiful sunrise, pixar 3d style, vertical 9:16|||cute cartoon orange tabby cat standing on two legs wearing a blue and white striped t-shirt walking through a peaceful green park with blooming flowers, pixar 3d style, vertical 9:16|||cute cartoon orange tabby cat standing on two legs wearing a blue and white striped t-shirt smiling happily in front of a warm welcoming home, pixar 3d style, vertical 9:16"
139,Capolavoro Letterario 139,Honoré de Balzac,1869,Narrativa Fantastica,"Un viaggio straordinario attraverso le pagine di un'opera immortale, dove l'ingegno, il coraggio e la passione umana affrontano le prove più grandi. Ogni capitolo svela una lezione profonda sull'importanza dei legami autentici, della lealtà e della ricerca di un rifugio sicuro per l'anima. Custodisci la bellezza dei tuoi sogni con dedizione.","cute cartoon orange tabby cat standing on two legs wearing a blue and white striped t-shirt reading an open vintage book in cozy library, pixar 3d style, vertical 9:16|||cute cartoon orange tabby cat standing on two legs wearing a blue and white striped t-shirt looking out a bright window at a beautiful sunrise, pixar 3d style, vertical 9:16|||cute cartoon orange tabby cat standing on two legs wearing a blue and white striped t-shirt walking through a peaceful green park with blooming flowers, pixar 3d style, vertical 9:16|||cute cartoon orange tabby cat standing on two legs wearing a blue and white striped t-shirt smiling happily in front of a warm welcoming home, pixar 3d style, vertical 9:16"
140,Capolavoro Letterario 140,Ivan Turgenev,1870,Romanzo Psicologico,"Un viaggio straordinario attraverso le pagine di un'opera immortale, dove l'ingegno, il coraggio e la passione umana affrontano le prove più grandi. Ogni capitolo svela una lezione profonda sull'importanza dei legami autentici, della lealtà e della ricerca di un rifugio sicuro per l'anima. Custodisci la bellezza dei tuoi sogni con dedizione.","cute cartoon orange tabby cat standing on two legs wearing a blue and white striped t-shirt reading an open vintage book in cozy library, pixar 3d style, vertical 9:16|||cute cartoon orange tabby cat standing on two legs wearing a blue and white striped t-shirt looking out a bright window at a beautiful sunrise, pixar 3d style, vertical 9:16|||cute cartoon orange tabby cat standing on two legs wearing a blue and white striped t-shirt walking through a peaceful green park with blooming flowers, pixar 3d style, vertical 9:16|||cute cartoon orange tabby cat standing on two legs wearing a blue and white striped t-shirt smiling happily in front of a warm welcoming home, pixar 3d style, vertical 9:16"
141,Capolavoro Letterario 141,Jules Verne,1871,Giallo d'Epoca,"Un viaggio straordinario attraverso le pagine di un'opera immortale, dove l'ingegno, il coraggio e la passione umana affrontano le prove più grandi. Ogni capitolo svela una lezione profonda sull'importanza dei legami autentici, della lealtà e della ricerca di un rifugio sicuro per l'anima. Custodisci la bellezza dei tuoi sogni con dedizione.","cute cartoon orange tabby cat standing on two legs wearing a blue and white striped t-shirt reading an open vintage book in cozy library, pixar 3d style, vertical 9:16|||cute cartoon orange tabby cat standing on two legs wearing a blue and white striped t-shirt looking out a bright window at a beautiful sunrise, pixar 3d style, vertical 9:16|||cute cartoon orange tabby cat standing on two legs wearing a blue and white striped t-shirt walking through a peaceful green park with blooming flowers, pixar 3d style, vertical 9:16|||cute cartoon orange tabby cat standing on two legs wearing a blue and white striped t-shirt smiling happily in front of a warm welcoming home, pixar 3d style, vertical 9:16"
142,Capolavoro Letterario 142,Robert Louis Stevenson,1872,Epopea Marinara,"Un viaggio straordinario attraverso le pagine di un'opera immortale, dove l'ingegno, il coraggio e la passione umana affrontano le prove più grandi. Ogni capitolo svela una lezione profonda sull'importanza dei legami autentici, della lealtà e della ricerca di un rifugio sicuro per l'anima. Custodisci la bellezza dei tuoi sogni con dedizione.","cute cartoon orange tabby cat standing on two legs wearing a blue and white striped t-shirt reading an open vintage book in cozy library, pixar 3d style, vertical 9:16|||cute cartoon orange tabby cat standing on two legs wearing a blue and white striped t-shirt looking out a bright window at a beautiful sunrise, pixar 3d style, vertical 9:16|||cute cartoon orange tabby cat standing on two legs wearing a blue and white striped t-shirt walking through a peaceful green park with blooming flowers, pixar 3d style, vertical 9:16|||cute cartoon orange tabby cat standing on two legs wearing a blue and white striped t-shirt smiling happily in front of a warm welcoming home, pixar 3d style, vertical 9:16"
143,Capolavoro Letterario 143,Charles Dickens,1873,Romanzo di Formazione,"Un viaggio straordinario attraverso le pagine di un'opera immortale, dove l'ingegno, il coraggio e la passione umana affrontano le prove più grandi. Ogni capitolo svela una lezione profonda sull'importanza dei legami autentici, della lealtà e della ricerca di un rifugio sicuro per l'anima. Custodisci la bellezza dei tuoi sogni con dedizione.","cute cartoon orange tabby cat standing on two legs wearing a blue and white striped t-shirt reading an open vintage book in cozy library, pixar 3d style, vertical 9:16|||cute cartoon orange tabby cat standing on two legs wearing a blue and white striped t-shirt looking out a bright window at a beautiful sunrise, pixar 3d style, vertical 9:16|||cute cartoon orange tabby cat standing on two legs wearing a blue and white striped t-shirt walking through a peaceful green park with blooming flowers, pixar 3d style, vertical 9:16|||cute cartoon orange tabby cat standing on two legs wearing a blue and white striped t-shirt smiling happily in front of a warm welcoming home, pixar 3d style, vertical 9:16"
144,Capolavoro Letterario 144,Alexandre Dumas,1874,Gotico e Mistero,"Un viaggio straordinario attraverso le pagine di un'opera immortale, dove l'ingegno, il coraggio e la passione umana affrontano le prove più grandi. Ogni capitolo svela una lezione profonda sull'importanza dei legami autentici, della lealtà e della ricerca di un rifugio sicuro per l'anima. Custodisci la bellezza dei tuoi sogni con dedizione.","cute cartoon orange tabby cat standing on two legs wearing a blue and white striped t-shirt reading an open vintage book in cozy library, pixar 3d style, vertical 9:16|||cute cartoon orange tabby cat standing on two legs wearing a blue and white striped t-shirt looking out a bright window at a beautiful sunrise, pixar 3d style, vertical 9:16|||cute cartoon orange tabby cat standing on two legs wearing a blue and white striped t-shirt walking through a peaceful green park with blooming flowers, pixar 3d style, vertical 9:16|||cute cartoon orange tabby cat standing on two legs wearing a blue and white striped t-shirt smiling happily in front of a warm welcoming home, pixar 3d style, vertical 9:16"
145,Capolavoro Letterario 145,Arthur Conan Doyle,1875,Romanzo d'Avventura,"Un viaggio straordinario attraverso le pagine di un'opera immortale, dove l'ingegno, il coraggio e la passione umana affrontano le prove più grandi. Ogni capitolo svela una lezione profonda sull'importanza dei legami autentici, della lealtà e della ricerca di un rifugio sicuro per l'anima. Custodisci la bellezza dei tuoi sogni con dedizione.","cute cartoon orange tabby cat standing on two legs wearing a blue and white striped t-shirt reading an open vintage book in cozy library, pixar 3d style, vertical 9:16|||cute cartoon orange tabby cat standing on two legs wearing a blue and white striped t-shirt looking out a bright window at a beautiful sunrise, pixar 3d style, vertical 9:16|||cute cartoon orange tabby cat standing on two legs wearing a blue and white striped t-shirt walking through a peaceful green park with blooming flowers, pixar 3d style, vertical 9:16|||cute cartoon orange tabby cat standing on two legs wearing a blue and white striped t-shirt smiling happily in front of a warm welcoming home, pixar 3d style, vertical 9:16"
146,Capolavoro Letterario 146,Herman Melville,1876,Classico della Letteratura,"Un viaggio straordinario attraverso le pagine di un'opera immortale, dove l'ingegno, il coraggio e la passione umana affrontano le prove più grandi. Ogni capitolo svela una lezione profonda sull'importanza dei legami autentici, della lealtà e della ricerca di un rifugio sicuro per l'anima. Custodisci la bellezza dei tuoi sogni con dedizione.","cute cartoon orange tabby cat standing on two legs wearing a blue and white striped t-shirt reading an open vintage book in cozy library, pixar 3d style, vertical 9:16|||cute cartoon orange tabby cat standing on two legs wearing a blue and white striped t-shirt looking out a bright window at a beautiful sunrise, pixar 3d style, vertical 9:16|||cute cartoon orange tabby cat standing on two legs wearing a blue and white striped t-shirt walking through a peaceful green park with blooming flowers, pixar 3d style, vertical 9:16|||cute cartoon orange tabby cat standing on two legs wearing a blue and white striped t-shirt smiling happily in front of a warm welcoming home, pixar 3d style, vertical 9:16"
147,Capolavoro Letterario 147,Daniel Defoe,1877,Romanzo Storico,"Un viaggio straordinario attraverso le pagine di un'opera immortale, dove l'ingegno, il coraggio e la passione umana affrontano le prove più grandi. Ogni capitolo svela una lezione profonda sull'importanza dei legami autentici, della lealtà e della ricerca di un rifugio sicuro per l'anima. Custodisci la bellezza dei tuoi sogni con dedizione.","cute cartoon orange tabby cat standing on two legs wearing a blue and white striped t-shirt reading an open vintage book in cozy library, pixar 3d style, vertical 9:16|||cute cartoon orange tabby cat standing on two legs wearing a blue and white striped t-shirt looking out a bright window at a beautiful sunrise, pixar 3d style, vertical 9:16|||cute cartoon orange tabby cat standing on two legs wearing a blue and white striped t-shirt walking through a peaceful green park with blooming flowers, pixar 3d style, vertical 9:16|||cute cartoon orange tabby cat standing on two legs wearing a blue and white striped t-shirt smiling happily in front of a warm welcoming home, pixar 3d style, vertical 9:16"
148,Capolavoro Letterario 148,Jack London,1878,Narrativa Fantastica,"Un viaggio straordinario attraverso le pagine di un'opera immortale, dove l'ingegno, il coraggio e la passione umana affrontano le prove più grandi. Ogni capitolo svela una lezione profonda sull'importanza dei legami autentici, della lealtà e della ricerca di un rifugio sicuro per l'anima. Custodisci la bellezza dei tuoi sogni con dedizione.","cute cartoon orange tabby cat standing on two legs wearing a blue and white striped t-shirt reading an open vintage book in cozy library, pixar 3d style, vertical 9:16|||cute cartoon orange tabby cat standing on two legs wearing a blue and white striped t-shirt looking out a bright window at a beautiful sunrise, pixar 3d style, vertical 9:16|||cute cartoon orange tabby cat standing on two legs wearing a blue and white striped t-shirt walking through a peaceful green park with blooming flowers, pixar 3d style, vertical 9:16|||cute cartoon orange tabby cat standing on two legs wearing a blue and white striped t-shirt smiling happily in front of a warm welcoming home, pixar 3d style, vertical 9:16"
149,Capolavoro Letterario 149,Jane Austen,1879,Romanzo Psicologico,"Un viaggio straordinario attraverso le pagine di un'opera immortale, dove l'ingegno, il coraggio e la passione umana affrontano le prove più grandi. Ogni capitolo svela una lezione profonda sull'importanza dei legami autentici, della lealtà e della ricerca di un rifugio sicuro per l'anima. Custodisci la bellezza dei tuoi sogni con dedizione.","cute cartoon orange tabby cat standing on two legs wearing a blue and white striped t-shirt reading an open vintage book in cozy library, pixar 3d style, vertical 9:16|||cute cartoon orange tabby cat standing on two legs wearing a blue and white striped t-shirt looking out a bright window at a beautiful sunrise, pixar 3d style, vertical 9:16|||cute cartoon orange tabby cat standing on two legs wearing a blue and white striped t-shirt walking through a peaceful green park with blooming flowers, pixar 3d style, vertical 9:16|||cute cartoon orange tabby cat standing on two legs wearing a blue and white striped t-shirt smiling happily in front of a warm welcoming home, pixar 3d style, vertical 9:16"
150,Capolavoro Letterario 150,Mark Twain,1880,Giallo d'Epoca,"Un viaggio straordinario attraverso le pagine di un'opera immortale, dove l'ingegno, il coraggio e la passione umana affrontano le prove più grandi. Ogni capitolo svela una lezione profonda sull'importanza dei legami autentici, della lealtà e della ricerca di un rifugio sicuro per l'anima. Custodisci la bellezza dei tuoi sogni con dedizione.","cute cartoon orange tabby cat standing on two legs wearing a blue and white striped t-shirt reading an open vintage book in cozy library, pixar 3d style, vertical 9:16|||cute cartoon orange tabby cat standing on two legs wearing a blue and white striped t-shirt looking out a bright window at a beautiful sunrise, pixar 3d style, vertical 9:16|||cute cartoon orange tabby cat standing on two legs wearing a blue and white striped t-shirt walking through a peaceful green park with blooming flowers, pixar 3d style, vertical 9:16|||cute cartoon orange tabby cat standing on two legs wearing a blue and white striped t-shirt smiling happily in front of a warm welcoming home, pixar 3d style, vertical 9:16"
151,Capolavoro Letterario 151,Edgar Allan Poe,1881,Epopea Marinara,"Un viaggio straordinario attraverso le pagine di un'opera immortale, dove l'ingegno, il coraggio e la passione umana affrontano le prove più grandi. Ogni capitolo svela una lezione profonda sull'importanza dei legami autentici, della lealtà e della ricerca di un rifugio sicuro per l'anima. Custodisci la bellezza dei tuoi sogni con dedizione.","cute cartoon orange tabby cat standing on two legs wearing a blue and white striped t-shirt reading an open vintage book in cozy library, pixar 3d style, vertical 9:16|||cute cartoon orange tabby cat standing on two legs wearing a blue and white striped t-shirt looking out a bright window at a beautiful sunrise, pixar 3d style, vertical 9:16|||cute cartoon orange tabby cat standing on two legs wearing a blue and white striped t-shirt walking through a peaceful green park with blooming flowers, pixar 3d style, vertical 9:16|||cute cartoon orange tabby cat standing on two legs wearing a blue and white striped t-shirt smiling happily in front of a warm welcoming home, pixar 3d style, vertical 9:16"
152,Capolavoro Letterario 152,Oscar Wilde,1882,Romanzo di Formazione,"Un viaggio straordinario attraverso le pagine di un'opera immortale, dove l'ingegno, il coraggio e la passione umana affrontano le prove più grandi. Ogni capitolo svela una lezione profonda sull'importanza dei legami autentici, della lealtà e della ricerca di un rifugio sicuro per l'anima. Custodisci la bellezza dei tuoi sogni con dedizione.","cute cartoon orange tabby cat standing on two legs wearing a blue and white striped t-shirt reading an open vintage book in cozy library, pixar 3d style, vertical 9:16|||cute cartoon orange tabby cat standing on two legs wearing a blue and white striped t-shirt looking out a bright window at a beautiful sunrise, pixar 3d style, vertical 9:16|||cute cartoon orange tabby cat standing on two legs wearing a blue and white striped t-shirt walking through a peaceful green park with blooming flowers, pixar 3d style, vertical 9:16|||cute cartoon orange tabby cat standing on two legs wearing a blue and white striped t-shirt smiling happily in front of a warm welcoming home, pixar 3d style, vertical 9:16"
153,Capolavoro Letterario 153,Emily Brontë,1883,Gotico e Mistero,"Un viaggio straordinario attraverso le pagine di un'opera immortale, dove l'ingegno, il coraggio e la passione umana affrontano le prove più grandi. Ogni capitolo svela una lezione profonda sull'importanza dei legami autentici, della lealtà e della ricerca di un rifugio sicuro per l'anima. Custodisci la bellezza dei tuoi sogni con dedizione.","cute cartoon orange tabby cat standing on two legs wearing a blue and white striped t-shirt reading an open vintage book in cozy library, pixar 3d style, vertical 9:16|||cute cartoon orange tabby cat standing on two legs wearing a blue and white striped t-shirt looking out a bright window at a beautiful sunrise, pixar 3d style, vertical 9:16|||cute cartoon orange tabby cat standing on two legs wearing a blue and white striped t-shirt walking through a peaceful green park with blooming flowers, pixar 3d style, vertical 9:16|||cute cartoon orange tabby cat standing on two legs wearing a blue and white striped t-shirt smiling happily in front of a warm welcoming home, pixar 3d style, vertical 9:16"
154,Capolavoro Letterario 154,Charlotte Brontë,1884,Romanzo d'Avventura,"Un viaggio straordinario attraverso le pagine di un'opera immortale, dove l'ingegno, il coraggio e la passione umana affrontano le prove più grandi. Ogni capitolo svela una lezione profonda sull'importanza dei legami autentici, della lealtà e della ricerca di un rifugio sicuro per l'anima. Custodisci la bellezza dei tuoi sogni con dedizione.","cute cartoon orange tabby cat standing on two legs wearing a blue and white striped t-shirt reading an open vintage book in cozy library, pixar 3d style, vertical 9:16|||cute cartoon orange tabby cat standing on two legs wearing a blue and white striped t-shirt looking out a bright window at a beautiful sunrise, pixar 3d style, vertical 9:16|||cute cartoon orange tabby cat standing on two legs wearing a blue and white striped t-shirt walking through a peaceful green park with blooming flowers, pixar 3d style, vertical 9:16|||cute cartoon orange tabby cat standing on two legs wearing a blue and white striped t-shirt smiling happily in front of a warm welcoming home, pixar 3d style, vertical 9:16"
155,Capolavoro Letterario 155,Lev Tolstoj,1885,Classico della Letteratura,"Un viaggio straordinario attraverso le pagine di un'opera immortale, dove l'ingegno, il coraggio e la passione umana affrontano le prove più grandi. Ogni capitolo svela una lezione profonda sull'importanza dei legami autentici, della lealtà e della ricerca di un rifugio sicuro per l'anima. Custodisci la bellezza dei tuoi sogni con dedizione.","cute cartoon orange tabby cat standing on two legs wearing a blue and white striped t-shirt reading an open vintage book in cozy library, pixar 3d style, vertical 9:16|||cute cartoon orange tabby cat standing on two legs wearing a blue and white striped t-shirt looking out a bright window at a beautiful sunrise, pixar 3d style, vertical 9:16|||cute cartoon orange tabby cat standing on two legs wearing a blue and white striped t-shirt walking through a peaceful green park with blooming flowers, pixar 3d style, vertical 9:16|||cute cartoon orange tabby cat standing on two legs wearing a blue and white striped t-shirt smiling happily in front of a warm welcoming home, pixar 3d style, vertical 9:16"
156,Capolavoro Letterario 156,Fëdor Dostoevskij,1886,Romanzo Storico,"Un viaggio straordinario attraverso le pagine di un'opera immortale, dove l'ingegno, il coraggio e la passione umana affrontano le prove più grandi. Ogni capitolo svela una lezione profonda sull'importanza dei legami autentici, della lealtà e della ricerca di un rifugio sicuro per l'anima. Custodisci la bellezza dei tuoi sogni con dedizione.","cute cartoon orange tabby cat standing on two legs wearing a blue and white striped t-shirt reading an open vintage book in cozy library, pixar 3d style, vertical 9:16|||cute cartoon orange tabby cat standing on two legs wearing a blue and white striped t-shirt looking out a bright window at a beautiful sunrise, pixar 3d style, vertical 9:16|||cute cartoon orange tabby cat standing on two legs wearing a blue and white striped t-shirt walking through a peaceful green park with blooming flowers, pixar 3d style, vertical 9:16|||cute cartoon orange tabby cat standing on two legs wearing a blue and white striped t-shirt smiling happily in front of a warm welcoming home, pixar 3d style, vertical 9:16"
157,Capolavoro Letterario 157,Victor Hugo,1887,Narrativa Fantastica,"Un viaggio straordinario attraverso le pagine di un'opera immortale, dove l'ingegno, il coraggio e la passione umana affrontano le prove più grandi. Ogni capitolo svela una lezione profonda sull'importanza dei legami autentici, della lealtà e della ricerca di un rifugio sicuro per l'anima. Custodisci la bellezza dei tuoi sogni con dedizione.","cute cartoon orange tabby cat standing on two legs wearing a blue and white striped t-shirt reading an open vintage book in cozy library, pixar 3d style, vertical 9:16|||cute cartoon orange tabby cat standing on two legs wearing a blue and white striped t-shirt looking out a bright window at a beautiful sunrise, pixar 3d style, vertical 9:16|||cute cartoon orange tabby cat standing on two legs wearing a blue and white striped t-shirt walking through a peaceful green park with blooming flowers, pixar 3d style, vertical 9:16|||cute cartoon orange tabby cat standing on two legs wearing a blue and white striped t-shirt smiling happily in front of a warm welcoming home, pixar 3d style, vertical 9:16"
158,Capolavoro Letterario 158,Stendhal,1888,Romanzo Psicologico,"Un viaggio straordinario attraverso le pagine di un'opera immortale, dove l'ingegno, il coraggio e la passione umana affrontano le prove più grandi. Ogni capitolo svela una lezione profonda sull'importanza dei legami autentici, della lealtà e della ricerca di un rifugio sicuro per l'anima. Custodisci la bellezza dei tuoi sogni con dedizione.","cute cartoon orange tabby cat standing on two legs wearing a blue and white striped t-shirt reading an open vintage book in cozy library, pixar 3d style, vertical 9:16|||cute cartoon orange tabby cat standing on two legs wearing a blue and white striped t-shirt looking out a bright window at a beautiful sunrise, pixar 3d style, vertical 9:16|||cute cartoon orange tabby cat standing on two legs wearing a blue and white striped t-shirt walking through a peaceful green park with blooming flowers, pixar 3d style, vertical 9:16|||cute cartoon orange tabby cat standing on two legs wearing a blue and white striped t-shirt smiling happily in front of a warm welcoming home, pixar 3d style, vertical 9:16"
159,Capolavoro Letterario 159,Honoré de Balzac,1889,Giallo d'Epoca,"Un viaggio straordinario attraverso le pagine di un'opera immortale, dove l'ingegno, il coraggio e la passione umana affrontano le prove più grandi. Ogni capitolo svela una lezione profonda sull'importanza dei legami autentici, della lealtà e della ricerca di un rifugio sicuro per l'anima. Custodisci la bellezza dei tuoi sogni con dedizione.","cute cartoon orange tabby cat standing on two legs wearing a blue and white striped t-shirt reading an open vintage book in cozy library, pixar 3d style, vertical 9:16|||cute cartoon orange tabby cat standing on two legs wearing a blue and white striped t-shirt looking out a bright window at a beautiful sunrise, pixar 3d style, vertical 9:16|||cute cartoon orange tabby cat standing on two legs wearing a blue and white striped t-shirt walking through a peaceful green park with blooming flowers, pixar 3d style, vertical 9:16|||cute cartoon orange tabby cat standing on two legs wearing a blue and white striped t-shirt smiling happily in front of a warm welcoming home, pixar 3d style, vertical 9:16"
160,Capolavoro Letterario 160,Ivan Turgenev,1890,Epopea Marinara,"Un viaggio straordinario attraverso le pagine di un'opera immortale, dove l'ingegno, il coraggio e la passione umana affrontano le prove più grandi. Ogni capitolo svela una lezione profonda sull'importanza dei legami autentici, della lealtà e della ricerca di un rifugio sicuro per l'anima. Custodisci la bellezza dei tuoi sogni con dedizione.","cute cartoon orange tabby cat standing on two legs wearing a blue and white striped t-shirt reading an open vintage book in cozy library, pixar 3d style, vertical 9:16|||cute cartoon orange tabby cat standing on two legs wearing a blue and white striped t-shirt looking out a bright window at a beautiful sunrise, pixar 3d style, vertical 9:16|||cute cartoon orange tabby cat standing on two legs wearing a blue and white striped t-shirt walking through a peaceful green park with blooming flowers, pixar 3d style, vertical 9:16|||cute cartoon orange tabby cat standing on two legs wearing a blue and white striped t-shirt smiling happily in front of a warm welcoming home, pixar 3d style, vertical 9:16"
161,Capolavoro Letterario 161,Jules Verne,1891,Romanzo di Formazione,"Un viaggio straordinario attraverso le pagine di un'opera immortale, dove l'ingegno, il coraggio e la passione umana affrontano le prove più grandi. Ogni capitolo svela una lezione profonda sull'importanza dei legami autentici, della lealtà e della ricerca di un rifugio sicuro per l'anima. Custodisci la bellezza dei tuoi sogni con dedizione.","cute cartoon orange tabby cat standing on two legs wearing a blue and white striped t-shirt reading an open vintage book in cozy library, pixar 3d style, vertical 9:16|||cute cartoon orange tabby cat standing on two legs wearing a blue and white striped t-shirt looking out a bright window at a beautiful sunrise, pixar 3d style, vertical 9:16|||cute cartoon orange tabby cat standing on two legs wearing a blue and white striped t-shirt walking through a peaceful green park with blooming flowers, pixar 3d style, vertical 9:16|||cute cartoon orange tabby cat standing on two legs wearing a blue and white striped t-shirt smiling happily in front of a warm welcoming home, pixar 3d style, vertical 9:16"
162,Capolavoro Letterario 162,Robert Louis Stevenson,1892,Gotico e Mistero,"Un viaggio straordinario attraverso le pagine di un'opera immortale, dove l'ingegno, il coraggio e la passione umana affrontano le prove più grandi. Ogni capitolo svela una lezione profonda sull'importanza dei legami autentici, della lealtà e della ricerca di un rifugio sicuro per l'anima. Custodisci la bellezza dei tuoi sogni con dedizione.","cute cartoon orange tabby cat standing on two legs wearing a blue and white striped t-shirt reading an open vintage book in cozy library, pixar 3d style, vertical 9:16|||cute cartoon orange tabby cat standing on two legs wearing a blue and white striped t-shirt looking out a bright window at a beautiful sunrise, pixar 3d style, vertical 9:16|||cute cartoon orange tabby cat standing on two legs wearing a blue and white striped t-shirt walking through a peaceful green park with blooming flowers, pixar 3d style, vertical 9:16|||cute cartoon orange tabby cat standing on two legs wearing a blue and white striped t-shirt smiling happily in front of a warm welcoming home, pixar 3d style, vertical 9:16"
163,Capolavoro Letterario 163,Charles Dickens,1893,Romanzo d'Avventura,"Un viaggio straordinario attraverso le pagine di un'opera immortale, dove l'ingegno, il coraggio e la passione umana affrontano le prove più grandi. Ogni capitolo svela una lezione profonda sull'importanza dei legami autentici, della lealtà e della ricerca di un rifugio sicuro per l'anima. Custodisci la bellezza dei tuoi sogni con dedizione.","cute cartoon orange tabby cat standing on two legs wearing a blue and white striped t-shirt reading an open vintage book in cozy library, pixar 3d style, vertical 9:16|||cute cartoon orange tabby cat standing on two legs wearing a blue and white striped t-shirt looking out a bright window at a beautiful sunrise, pixar 3d style, vertical 9:16|||cute cartoon orange tabby cat standing on two legs wearing a blue and white striped t-shirt walking through a peaceful green park with blooming flowers, pixar 3d style, vertical 9:16|||cute cartoon orange tabby cat standing on two legs wearing a blue and white striped t-shirt smiling happily in front of a warm welcoming home, pixar 3d style, vertical 9:16"
164,Capolavoro Letterario 164,Alexandre Dumas,1894,Classico della Letteratura,"Un viaggio straordinario attraverso le pagine di un'opera immortale, dove l'ingegno, il coraggio e la passione umana affrontano le prove più grandi. Ogni capitolo svela una lezione profonda sull'importanza dei legami autentici, della lealtà e della ricerca di un rifugio sicuro per l'anima. Custodisci la bellezza dei tuoi sogni con dedizione.","cute cartoon orange tabby cat standing on two legs wearing a blue and white striped t-shirt reading an open vintage book in cozy library, pixar 3d style, vertical 9:16|||cute cartoon orange tabby cat standing on two legs wearing a blue and white striped t-shirt looking out a bright window at a beautiful sunrise, pixar 3d style, vertical 9:16|||cute cartoon orange tabby cat standing on two legs wearing a blue and white striped t-shirt walking through a peaceful green park with blooming flowers, pixar 3d style, vertical 9:16|||cute cartoon orange tabby cat standing on two legs wearing a blue and white striped t-shirt smiling happily in front of a warm welcoming home, pixar 3d style, vertical 9:16"
165,Capolavoro Letterario 165,Arthur Conan Doyle,1895,Romanzo Storico,"Un viaggio straordinario attraverso le pagine di un'opera immortale, dove l'ingegno, il coraggio e la passione umana affrontano le prove più grandi. Ogni capitolo svela una lezione profonda sull'importanza dei legami autentici, della lealtà e della ricerca di un rifugio sicuro per l'anima. Custodisci la bellezza dei tuoi sogni con dedizione.","cute cartoon orange tabby cat standing on two legs wearing a blue and white striped t-shirt reading an open vintage book in cozy library, pixar 3d style, vertical 9:16|||cute cartoon orange tabby cat standing on two legs wearing a blue and white striped t-shirt looking out a bright window at a beautiful sunrise, pixar 3d style, vertical 9:16|||cute cartoon orange tabby cat standing on two legs wearing a blue and white striped t-shirt walking through a peaceful green park with blooming flowers, pixar 3d style, vertical 9:16|||cute cartoon orange tabby cat standing on two legs wearing a blue and white striped t-shirt smiling happily in front of a warm welcoming home, pixar 3d style, vertical 9:16"
166,Capolavoro Letterario 166,Herman Melville,1896,Narrativa Fantastica,"Un viaggio straordinario attraverso le pagine di un'opera immortale, dove l'ingegno, il coraggio e la passione umana affrontano le prove più grandi. Ogni capitolo svela una lezione profonda sull'importanza dei legami autentici, della lealtà e della ricerca di un rifugio sicuro per l'anima. Custodisci la bellezza dei tuoi sogni con dedizione.","cute cartoon orange tabby cat standing on two legs wearing a blue and white striped t-shirt reading an open vintage book in cozy library, pixar 3d style, vertical 9:16|||cute cartoon orange tabby cat standing on two legs wearing a blue and white striped t-shirt looking out a bright window at a beautiful sunrise, pixar 3d style, vertical 9:16|||cute cartoon orange tabby cat standing on two legs wearing a blue and white striped t-shirt walking through a peaceful green park with blooming flowers, pixar 3d style, vertical 9:16|||cute cartoon orange tabby cat standing on two legs wearing a blue and white striped t-shirt smiling happily in front of a warm welcoming home, pixar 3d style, vertical 9:16"
167,Capolavoro Letterario 167,Daniel Defoe,1897,Romanzo Psicologico,"Un viaggio straordinario attraverso le pagine di un'opera immortale, dove l'ingegno, il coraggio e la passione umana affrontano le prove più grandi. Ogni capitolo svela una lezione profonda sull'importanza dei legami autentici, della lealtà e della ricerca di un rifugio sicuro per l'anima. Custodisci la bellezza dei tuoi sogni con dedizione.","cute cartoon orange tabby cat standing on two legs wearing a blue and white striped t-shirt reading an open vintage book in cozy library, pixar 3d style, vertical 9:16|||cute cartoon orange tabby cat standing on two legs wearing a blue and white striped t-shirt looking out a bright window at a beautiful sunrise, pixar 3d style, vertical 9:16|||cute cartoon orange tabby cat standing on two legs wearing a blue and white striped t-shirt walking through a peaceful green park with blooming flowers, pixar 3d style, vertical 9:16|||cute cartoon orange tabby cat standing on two legs wearing a blue and white striped t-shirt smiling happily in front of a warm welcoming home, pixar 3d style, vertical 9:16"
168,Capolavoro Letterario 168,Jack London,1898,Giallo d'Epoca,"Un viaggio straordinario attraverso le pagine di un'opera immortale, dove l'ingegno, il coraggio e la passione umana affrontano le prove più grandi. Ogni capitolo svela una lezione profonda sull'importanza dei legami autentici, della lealtà e della ricerca di un rifugio sicuro per l'anima. Custodisci la bellezza dei tuoi sogni con dedizione.","cute cartoon orange tabby cat standing on two legs wearing a blue and white striped t-shirt reading an open vintage book in cozy library, pixar 3d style, vertical 9:16|||cute cartoon orange tabby cat standing on two legs wearing a blue and white striped t-shirt looking out a bright window at a beautiful sunrise, pixar 3d style, vertical 9:16|||cute cartoon orange tabby cat standing on two legs wearing a blue and white striped t-shirt walking through a peaceful green park with blooming flowers, pixar 3d style, vertical 9:16|||cute cartoon orange tabby cat standing on two legs wearing a blue and white striped t-shirt smiling happily in front of a warm welcoming home, pixar 3d style, vertical 9:16"
169,Capolavoro Letterario 169,Jane Austen,1899,Epopea Marinara,"Un viaggio straordinario attraverso le pagine di un'opera immortale, dove l'ingegno, il coraggio e la passione umana affrontano le prove più grandi. Ogni capitolo svela una lezione profonda sull'importanza dei legami autentici, della lealtà e della ricerca di un rifugio sicuro per l'anima. Custodisci la bellezza dei tuoi sogni con dedizione.","cute cartoon orange tabby cat standing on two legs wearing a blue and white striped t-shirt reading an open vintage book in cozy library, pixar 3d style, vertical 9:16|||cute cartoon orange tabby cat standing on two legs wearing a blue and white striped t-shirt looking out a bright window at a beautiful sunrise, pixar 3d style, vertical 9:16|||cute cartoon orange tabby cat standing on two legs wearing a blue and white striped t-shirt walking through a peaceful green park with blooming flowers, pixar 3d style, vertical 9:16|||cute cartoon orange tabby cat standing on two legs wearing a blue and white striped t-shirt smiling happily in front of a warm welcoming home, pixar 3d style, vertical 9:16"
170,Capolavoro Letterario 170,Mark Twain,1900,Romanzo di Formazione,"Un viaggio straordinario attraverso le pagine di un'opera immortale, dove l'ingegno, il coraggio e la passione umana affrontano le prove più grandi. Ogni capitolo svela una lezione profonda sull'importanza dei legami autentici, della lealtà e della ricerca di un rifugio sicuro per l'anima. Custodisci la bellezza dei tuoi sogni con dedizione.","cute cartoon orange tabby cat standing on two legs wearing a blue and white striped t-shirt reading an open vintage book in cozy library, pixar 3d style, vertical 9:16|||cute cartoon orange tabby cat standing on two legs wearing a blue and white striped t-shirt looking out a bright window at a beautiful sunrise, pixar 3d style, vertical 9:16|||cute cartoon orange tabby cat standing on two legs wearing a blue and white striped t-shirt walking through a peaceful green park with blooming flowers, pixar 3d style, vertical 9:16|||cute cartoon orange tabby cat standing on two legs wearing a blue and white striped t-shirt smiling happily in front of a warm welcoming home, pixar 3d style, vertical 9:16"
171,Capolavoro Letterario 171,Edgar Allan Poe,1901,Gotico e Mistero,"Un viaggio straordinario attraverso le pagine di un'opera immortale, dove l'ingegno, il coraggio e la passione umana affrontano le prove più grandi. Ogni capitolo svela una lezione profonda sull'importanza dei legami autentici, della lealtà e della ricerca di un rifugio sicuro per l'anima. Custodisci la bellezza dei tuoi sogni con dedizione.","cute cartoon orange tabby cat standing on two legs wearing a blue and white striped t-shirt reading an open vintage book in cozy library, pixar 3d style, vertical 9:16|||cute cartoon orange tabby cat standing on two legs wearing a blue and white striped t-shirt looking out a bright window at a beautiful sunrise, pixar 3d style, vertical 9:16|||cute cartoon orange tabby cat standing on two legs wearing a blue and white striped t-shirt walking through a peaceful green park with blooming flowers, pixar 3d style, vertical 9:16|||cute cartoon orange tabby cat standing on two legs wearing a blue and white striped t-shirt smiling happily in front of a warm welcoming home, pixar 3d style, vertical 9:16"
172,Capolavoro Letterario 172,Oscar Wilde,1902,Romanzo d'Avventura,"Un viaggio straordinario attraverso le pagine di un'opera immortale, dove l'ingegno, il coraggio e la passione umana affrontano le prove più grandi. Ogni capitolo svela una lezione profonda sull'importanza dei legami autentici, della lealtà e della ricerca di un rifugio sicuro per l'anima. Custodisci la bellezza dei tuoi sogni con dedizione.","cute cartoon orange tabby cat standing on two legs wearing a blue and white striped t-shirt reading an open vintage book in cozy library, pixar 3d style, vertical 9:16|||cute cartoon orange tabby cat standing on two legs wearing a blue and white striped t-shirt looking out a bright window at a beautiful sunrise, pixar 3d style, vertical 9:16|||cute cartoon orange tabby cat standing on two legs wearing a blue and white striped t-shirt walking through a peaceful green park with blooming flowers, pixar 3d style, vertical 9:16|||cute cartoon orange tabby cat standing on two legs wearing a blue and white striped t-shirt smiling happily in front of a warm welcoming home, pixar 3d style, vertical 9:16"
173,Capolavoro Letterario 173,Emily Brontë,1903,Classico della Letteratura,"Un viaggio straordinario attraverso le pagine di un'opera immortale, dove l'ingegno, il coraggio e la passione umana affrontano le prove più grandi. Ogni capitolo svela una lezione profonda sull'importanza dei legami autentici, della lealtà e della ricerca di un rifugio sicuro per l'anima. Custodisci la bellezza dei tuoi sogni con dedizione.","cute cartoon orange tabby cat standing on two legs wearing a blue and white striped t-shirt reading an open vintage book in cozy library, pixar 3d style, vertical 9:16|||cute cartoon orange tabby cat standing on two legs wearing a blue and white striped t-shirt looking out a bright window at a beautiful sunrise, pixar 3d style, vertical 9:16|||cute cartoon orange tabby cat standing on two legs wearing a blue and white striped t-shirt walking through a peaceful green park with blooming flowers, pixar 3d style, vertical 9:16|||cute cartoon orange tabby cat standing on two legs wearing a blue and white striped t-shirt smiling happily in front of a warm welcoming home, pixar 3d style, vertical 9:16"
174,Capolavoro Letterario 174,Charlotte Brontë,1904,Romanzo Storico,"Un viaggio straordinario attraverso le pagine di un'opera immortale, dove l'ingegno, il coraggio e la passione umana affrontano le prove più grandi. Ogni capitolo svela una lezione profonda sull'importanza dei legami autentici, della lealtà e della ricerca di un rifugio sicuro per l'anima. Custodisci la bellezza dei tuoi sogni con dedizione.","cute cartoon orange tabby cat standing on two legs wearing a blue and white striped t-shirt reading an open vintage book in cozy library, pixar 3d style, vertical 9:16|||cute cartoon orange tabby cat standing on two legs wearing a blue and white striped t-shirt looking out a bright window at a beautiful sunrise, pixar 3d style, vertical 9:16|||cute cartoon orange tabby cat standing on two legs wearing a blue and white striped t-shirt walking through a peaceful green park with blooming flowers, pixar 3d style, vertical 9:16|||cute cartoon orange tabby cat standing on two legs wearing a blue and white striped t-shirt smiling happily in front of a warm welcoming home, pixar 3d style, vertical 9:16"
175,Capolavoro Letterario 175,Lev Tolstoj,1905,Narrativa Fantastica,"Un viaggio straordinario attraverso le pagine di un'opera immortale, dove l'ingegno, il coraggio e la passione umana affrontano le prove più grandi. Ogni capitolo svela una lezione profonda sull'importanza dei legami autentici, della lealtà e della ricerca di un rifugio sicuro per l'anima. Custodisci la bellezza dei tuoi sogni con dedizione.","cute cartoon orange tabby cat standing on two legs wearing a blue and white striped t-shirt reading an open vintage book in cozy library, pixar 3d style, vertical 9:16|||cute cartoon orange tabby cat standing on two legs wearing a blue and white striped t-shirt looking out a bright window at a beautiful sunrise, pixar 3d style, vertical 9:16|||cute cartoon orange tabby cat standing on two legs wearing a blue and white striped t-shirt walking through a peaceful green park with blooming flowers, pixar 3d style, vertical 9:16|||cute cartoon orange tabby cat standing on two legs wearing a blue and white striped t-shirt smiling happily in front of a warm welcoming home, pixar 3d style, vertical 9:16"
176,Capolavoro Letterario 176,Fëdor Dostoevskij,1906,Romanzo Psicologico,"Un viaggio straordinario attraverso le pagine di un'opera immortale, dove l'ingegno, il coraggio e la passione umana affrontano le prove più grandi. Ogni capitolo svela una lezione profonda sull'importanza dei legami autentici, della lealtà e della ricerca di un rifugio sicuro per l'anima. Custodisci la bellezza dei tuoi sogni con dedizione.","cute cartoon orange tabby cat standing on two legs wearing a blue and white striped t-shirt reading an open vintage book in cozy library, pixar 3d style, vertical 9:16|||cute cartoon orange tabby cat standing on two legs wearing a blue and white striped t-shirt looking out a bright window at a beautiful sunrise, pixar 3d style, vertical 9:16|||cute cartoon orange tabby cat standing on two legs wearing a blue and white striped t-shirt walking through a peaceful green park with blooming flowers, pixar 3d style, vertical 9:16|||cute cartoon orange tabby cat standing on two legs wearing a blue and white striped t-shirt smiling happily in front of a warm welcoming home, pixar 3d style, vertical 9:16"
177,Capolavoro Letterario 177,Victor Hugo,1907,Giallo d'Epoca,"Un viaggio straordinario attraverso le pagine di un'opera immortale, dove l'ingegno, il coraggio e la passione umana affrontano le prove più grandi. Ogni capitolo svela una lezione profonda sull'importanza dei legami autentici, della lealtà e della ricerca di un rifugio sicuro per l'anima. Custodisci la bellezza dei tuoi sogni con dedizione.","cute cartoon orange tabby cat standing on two legs wearing a blue and white striped t-shirt reading an open vintage book in cozy library, pixar 3d style, vertical 9:16|||cute cartoon orange tabby cat standing on two legs wearing a blue and white striped t-shirt looking out a bright window at a beautiful sunrise, pixar 3d style, vertical 9:16|||cute cartoon orange tabby cat standing on two legs wearing a blue and white striped t-shirt walking through a peaceful green park with blooming flowers, pixar 3d style, vertical 9:16|||cute cartoon orange tabby cat standing on two legs wearing a blue and white striped t-shirt smiling happily in front of a warm welcoming home, pixar 3d style, vertical 9:16"
178,Capolavoro Letterario 178,Stendhal,1908,Epopea Marinara,"Un viaggio straordinario attraverso le pagine di un'opera immortale, dove l'ingegno, il coraggio e la passione umana affrontano le prove più grandi. Ogni capitolo svela una lezione profonda sull'importanza dei legami autentici, della lealtà e della ricerca di un rifugio sicuro per l'anima. Custodisci la bellezza dei tuoi sogni con dedizione.","cute cartoon orange tabby cat standing on two legs wearing a blue and white striped t-shirt reading an open vintage book in cozy library, pixar 3d style, vertical 9:16|||cute cartoon orange tabby cat standing on two legs wearing a blue and white striped t-shirt looking out a bright window at a beautiful sunrise, pixar 3d style, vertical 9:16|||cute cartoon orange tabby cat standing on two legs wearing a blue and white striped t-shirt walking through a peaceful green park with blooming flowers, pixar 3d style, vertical 9:16|||cute cartoon orange tabby cat standing on two legs wearing a blue and white striped t-shirt smiling happily in front of a warm welcoming home, pixar 3d style, vertical 9:16"
179,Capolavoro Letterario 179,Honoré de Balzac,1909,Romanzo di Formazione,"Un viaggio straordinario attraverso le pagine di un'opera immortale, dove l'ingegno, il coraggio e la passione umana affrontano le prove più grandi. Ogni capitolo svela una lezione profonda sull'importanza dei legami autentici, della lealtà e della ricerca di un rifugio sicuro per l'anima. Custodisci la bellezza dei tuoi sogni con dedizione.","cute cartoon orange tabby cat standing on two legs wearing a blue and white striped t-shirt reading an open vintage book in cozy library, pixar 3d style, vertical 9:16|||cute cartoon orange tabby cat standing on two legs wearing a blue and white striped t-shirt looking out a bright window at a beautiful sunrise, pixar 3d style, vertical 9:16|||cute cartoon orange tabby cat standing on two legs wearing a blue and white striped t-shirt walking through a peaceful green park with blooming flowers, pixar 3d style, vertical 9:16|||cute cartoon orange tabby cat standing on two legs wearing a blue and white striped t-shirt smiling happily in front of a warm welcoming home, pixar 3d style, vertical 9:16"
180,Capolavoro Letterario 180,Ivan Turgenev,1820,Gotico e Mistero,"Un viaggio straordinario attraverso le pagine di un'opera immortale, dove l'ingegno, il coraggio e la passione umana affrontano le prove più grandi. Ogni capitolo svela una lezione profonda sull'importanza dei legami autentici, della lealtà e della ricerca di un rifugio sicuro per l'anima. Custodisci la bellezza dei tuoi sogni con dedizione.","cute cartoon orange tabby cat standing on two legs wearing a blue and white striped t-shirt reading an open vintage book in cozy library, pixar 3d style, vertical 9:16|||cute cartoon orange tabby cat standing on two legs wearing a blue and white striped t-shirt looking out a bright window at a beautiful sunrise, pixar 3d style, vertical 9:16|||cute cartoon orange tabby cat standing on two legs wearing a blue and white striped t-shirt walking through a peaceful green park with blooming flowers, pixar 3d style, vertical 9:16|||cute cartoon orange tabby cat standing on two legs wearing a blue and white striped t-shirt smiling happily in front of a warm welcoming home, pixar 3d style, vertical 9:16"
181,Capolavoro Letterario 181,Jules Verne,1821,Romanzo d'Avventura,"Un viaggio straordinario attraverso le pagine di un'opera immortale, dove l'ingegno, il coraggio e la passione umana affrontano le prove più grandi. Ogni capitolo svela una lezione profonda sull'importanza dei legami autentici, della lealtà e della ricerca di un rifugio sicuro per l'anima. Custodisci la bellezza dei tuoi sogni con dedizione.","cute cartoon orange tabby cat standing on two legs wearing a blue and white striped t-shirt reading an open vintage book in cozy library, pixar 3d style, vertical 9:16|||cute cartoon orange tabby cat standing on two legs wearing a blue and white striped t-shirt looking out a bright window at a beautiful sunrise, pixar 3d style, vertical 9:16|||cute cartoon orange tabby cat standing on two legs wearing a blue and white striped t-shirt walking through a peaceful green park with blooming flowers, pixar 3d style, vertical 9:16|||cute cartoon orange tabby cat standing on two legs wearing a blue and white striped t-shirt smiling happily in front of a warm welcoming home, pixar 3d style, vertical 9:16"
182,Capolavoro Letterario 182,Robert Louis Stevenson,1822,Classico della Letteratura,"Un viaggio straordinario attraverso le pagine di un'opera immortale, dove l'ingegno, il coraggio e la passione umana affrontano le prove più grandi. Ogni capitolo svela una lezione profonda sull'importanza dei legami autentici, della lealtà e della ricerca di un rifugio sicuro per l'anima. Custodisci la bellezza dei tuoi sogni con dedizione.","cute cartoon orange tabby cat standing on two legs wearing a blue and white striped t-shirt reading an open vintage book in cozy library, pixar 3d style, vertical 9:16|||cute cartoon orange tabby cat standing on two legs wearing a blue and white striped t-shirt looking out a bright window at a beautiful sunrise, pixar 3d style, vertical 9:16|||cute cartoon orange tabby cat standing on two legs wearing a blue and white striped t-shirt walking through a peaceful green park with blooming flowers, pixar 3d style, vertical 9:16|||cute cartoon orange tabby cat standing on two legs wearing a blue and white striped t-shirt smiling happily in front of a warm welcoming home, pixar 3d style, vertical 9:16"
183,Capolavoro Letterario 183,Charles Dickens,1823,Romanzo Storico,"Un viaggio straordinario attraverso le pagine di un'opera immortale, dove l'ingegno, il coraggio e la passione umana affrontano le prove più grandi. Ogni capitolo svela una lezione profonda sull'importanza dei legami autentici, della lealtà e della ricerca di un rifugio sicuro per l'anima. Custodisci la bellezza dei tuoi sogni con dedizione.","cute cartoon orange tabby cat standing on two legs wearing a blue and white striped t-shirt reading an open vintage book in cozy library, pixar 3d style, vertical 9:16|||cute cartoon orange tabby cat standing on two legs wearing a blue and white striped t-shirt looking out a bright window at a beautiful sunrise, pixar 3d style, vertical 9:16|||cute cartoon orange tabby cat standing on two legs wearing a blue and white striped t-shirt walking through a peaceful green park with blooming flowers, pixar 3d style, vertical 9:16|||cute cartoon orange tabby cat standing on two legs wearing a blue and white striped t-shirt smiling happily in front of a warm welcoming home, pixar 3d style, vertical 9:16"
184,Capolavoro Letterario 184,Alexandre Dumas,1824,Narrativa Fantastica,"Un viaggio straordinario attraverso le pagine di un'opera immortale, dove l'ingegno, il coraggio e la passione umana affrontano le prove più grandi. Ogni capitolo svela una lezione profonda sull'importanza dei legami autentici, della lealtà e della ricerca di un rifugio sicuro per l'anima. Custodisci la bellezza dei tuoi sogni con dedizione.","cute cartoon orange tabby cat standing on two legs wearing a blue and white striped t-shirt reading an open vintage book in cozy library, pixar 3d style, vertical 9:16|||cute cartoon orange tabby cat standing on two legs wearing a blue and white striped t-shirt looking out a bright window at a beautiful sunrise, pixar 3d style, vertical 9:16|||cute cartoon orange tabby cat standing on two legs wearing a blue and white striped t-shirt walking through a peaceful green park with blooming flowers, pixar 3d style, vertical 9:16|||cute cartoon orange tabby cat standing on two legs wearing a blue and white striped t-shirt smiling happily in front of a warm welcoming home, pixar 3d style, vertical 9:16"
185,Capolavoro Letterario 185,Arthur Conan Doyle,1825,Romanzo Psicologico,"Un viaggio straordinario attraverso le pagine di un'opera immortale, dove l'ingegno, il coraggio e la passione umana affrontano le prove più grandi. Ogni capitolo svela una lezione profonda sull'importanza dei legami autentici, della lealtà e della ricerca di un rifugio sicuro per l'anima. Custodisci la bellezza dei tuoi sogni con dedizione.","cute cartoon orange tabby cat standing on two legs wearing a blue and white striped t-shirt reading an open vintage book in cozy library, pixar 3d style, vertical 9:16|||cute cartoon orange tabby cat standing on two legs wearing a blue and white striped t-shirt looking out a bright window at a beautiful sunrise, pixar 3d style, vertical 9:16|||cute cartoon orange tabby cat standing on two legs wearing a blue and white striped t-shirt walking through a peaceful green park with blooming flowers, pixar 3d style, vertical 9:16|||cute cartoon orange tabby cat standing on two legs wearing a blue and white striped t-shirt smiling happily in front of a warm welcoming home, pixar 3d style, vertical 9:16"
186,Capolavoro Letterario 186,Herman Melville,1826,Giallo d'Epoca,"Un viaggio straordinario attraverso le pagine di un'opera immortale, dove l'ingegno, il coraggio e la passione umana affrontano le prove più grandi. Ogni capitolo svela una lezione profonda sull'importanza dei legami autentici, della lealtà e della ricerca di un rifugio sicuro per l'anima. Custodisci la bellezza dei tuoi sogni con dedizione.","cute cartoon orange tabby cat standing on two legs wearing a blue and white striped t-shirt reading an open vintage book in cozy library, pixar 3d style, vertical 9:16|||cute cartoon orange tabby cat standing on two legs wearing a blue and white striped t-shirt looking out a bright window at a beautiful sunrise, pixar 3d style, vertical 9:16|||cute cartoon orange tabby cat standing on two legs wearing a blue and white striped t-shirt walking through a peaceful green park with blooming flowers, pixar 3d style, vertical 9:16|||cute cartoon orange tabby cat standing on two legs wearing a blue and white striped t-shirt smiling happily in front of a warm welcoming home, pixar 3d style, vertical 9:16"
187,Capolavoro Letterario 187,Daniel Defoe,1827,Epopea Marinara,"Un viaggio straordinario attraverso le pagine di un'opera immortale, dove l'ingegno, il coraggio e la passione umana affrontano le prove più grandi. Ogni capitolo svela una lezione profonda sull'importanza dei legami autentici, della lealtà e della ricerca di un rifugio sicuro per l'anima. Custodisci la bellezza dei tuoi sogni con dedizione.","cute cartoon orange tabby cat standing on two legs wearing a blue and white striped t-shirt reading an open vintage book in cozy library, pixar 3d style, vertical 9:16|||cute cartoon orange tabby cat standing on two legs wearing a blue and white striped t-shirt looking out a bright window at a beautiful sunrise, pixar 3d style, vertical 9:16|||cute cartoon orange tabby cat standing on two legs wearing a blue and white striped t-shirt walking through a peaceful green park with blooming flowers, pixar 3d style, vertical 9:16|||cute cartoon orange tabby cat standing on two legs wearing a blue and white striped t-shirt smiling happily in front of a warm welcoming home, pixar 3d style, vertical 9:16"
188,Capolavoro Letterario 188,Jack London,1828,Romanzo di Formazione,"Un viaggio straordinario attraverso le pagine di un'opera immortale, dove l'ingegno, il coraggio e la passione umana affrontano le prove più grandi. Ogni capitolo svela una lezione profonda sull'importanza dei legami autentici, della lealtà e della ricerca di un rifugio sicuro per l'anima. Custodisci la bellezza dei tuoi sogni con dedizione.","cute cartoon orange tabby cat standing on two legs wearing a blue and white striped t-shirt reading an open vintage book in cozy library, pixar 3d style, vertical 9:16|||cute cartoon orange tabby cat standing on two legs wearing a blue and white striped t-shirt looking out a bright window at a beautiful sunrise, pixar 3d style, vertical 9:16|||cute cartoon orange tabby cat standing on two legs wearing a blue and white striped t-shirt walking through a peaceful green park with blooming flowers, pixar 3d style, vertical 9:16|||cute cartoon orange tabby cat standing on two legs wearing a blue and white striped t-shirt smiling happily in front of a warm welcoming home, pixar 3d style, vertical 9:16"
189,Capolavoro Letterario 189,Jane Austen,1829,Gotico e Mistero,"Un viaggio straordinario attraverso le pagine di un'opera immortale, dove l'ingegno, il coraggio e la passione umana affrontano le prove più grandi. Ogni capitolo svela una lezione profonda sull'importanza dei legami autentici, della lealtà e della ricerca di un rifugio sicuro per l'anima. Custodisci la bellezza dei tuoi sogni con dedizione.","cute cartoon orange tabby cat standing on two legs wearing a blue and white striped t-shirt reading an open vintage book in cozy library, pixar 3d style, vertical 9:16|||cute cartoon orange tabby cat standing on two legs wearing a blue and white striped t-shirt looking out a bright window at a beautiful sunrise, pixar 3d style, vertical 9:16|||cute cartoon orange tabby cat standing on two legs wearing a blue and white striped t-shirt walking through a peaceful green park with blooming flowers, pixar 3d style, vertical 9:16|||cute cartoon orange tabby cat standing on two legs wearing a blue and white striped t-shirt smiling happily in front of a warm welcoming home, pixar 3d style, vertical 9:16"
190,Capolavoro Letterario 190,Mark Twain,1830,Romanzo d'Avventura,"Un viaggio straordinario attraverso le pagine di un'opera immortale, dove l'ingegno, il coraggio e la passione umana affrontano le prove più grandi. Ogni capitolo svela una lezione profonda sull'importanza dei legami autentici, della lealtà e della ricerca di un rifugio sicuro per l'anima. Custodisci la bellezza dei tuoi sogni con dedizione.","cute cartoon orange tabby cat standing on two legs wearing a blue and white striped t-shirt reading an open vintage book in cozy library, pixar 3d style, vertical 9:16|||cute cartoon orange tabby cat standing on two legs wearing a blue and white striped t-shirt looking out a bright window at a beautiful sunrise, pixar 3d style, vertical 9:16|||cute cartoon orange tabby cat standing on two legs wearing a blue and white striped t-shirt walking through a peaceful green park with blooming flowers, pixar 3d style, vertical 9:16|||cute cartoon orange tabby cat standing on two legs wearing a blue and white striped t-shirt smiling happily in front of a warm welcoming home, pixar 3d style, vertical 9:16"
191,Capolavoro Letterario 191,Edgar Allan Poe,1831,Classico della Letteratura,"Un viaggio straordinario attraverso le pagine di un'opera immortale, dove l'ingegno, il coraggio e la passione umana affrontano le prove più grandi. Ogni capitolo svela una lezione profonda sull'importanza dei legami autentici, della lealtà e della ricerca di un rifugio sicuro per l'anima. Custodisci la bellezza dei tuoi sogni con dedizione.","cute cartoon orange tabby cat standing on two legs wearing a blue and white striped t-shirt reading an open vintage book in cozy library, pixar 3d style, vertical 9:16|||cute cartoon orange tabby cat standing on two legs wearing a blue and white striped t-shirt looking out a bright window at a beautiful sunrise, pixar 3d style, vertical 9:16|||cute cartoon orange tabby cat standing on two legs wearing a blue and white striped t-shirt walking through a peaceful green park with blooming flowers, pixar 3d style, vertical 9:16|||cute cartoon orange tabby cat standing on two legs wearing a blue and white striped t-shirt smiling happily in front of a warm welcoming home, pixar 3d style, vertical 9:16"
192,Capolavoro Letterario 192,Oscar Wilde,1832,Romanzo Storico,"Un viaggio straordinario attraverso le pagine di un'opera immortale, dove l'ingegno, il coraggio e la passione umana affrontano le prove più grandi. Ogni capitolo svela una lezione profonda sull'importanza dei legami autentici, della lealtà e della ricerca di un rifugio sicuro per l'anima. Custodisci la bellezza dei tuoi sogni con dedizione.","cute cartoon orange tabby cat standing on two legs wearing a blue and white striped t-shirt reading an open vintage book in cozy library, pixar 3d style, vertical 9:16|||cute cartoon orange tabby cat standing on two legs wearing a blue and white striped t-shirt looking out a bright window at a beautiful sunrise, pixar 3d style, vertical 9:16|||cute cartoon orange tabby cat standing on two legs wearing a blue and white striped t-shirt walking through a peaceful green park with blooming flowers, pixar 3d style, vertical 9:16|||cute cartoon orange tabby cat standing on two legs wearing a blue and white striped t-shirt smiling happily in front of a warm welcoming home, pixar 3d style, vertical 9:16"
193,Capolavoro Letterario 193,Emily Brontë,1833,Narrativa Fantastica,"Un viaggio straordinario attraverso le pagine di un'opera immortale, dove l'ingegno, il coraggio e la passione umana affrontano le prove più grandi. Ogni capitolo svela una lezione profonda sull'importanza dei legami autentici, della lealtà e della ricerca di un rifugio sicuro per l'anima. Custodisci la bellezza dei tuoi sogni con dedizione.","cute cartoon orange tabby cat standing on two legs wearing a blue and white striped t-shirt reading an open vintage book in cozy library, pixar 3d style, vertical 9:16|||cute cartoon orange tabby cat standing on two legs wearing a blue and white striped t-shirt looking out a bright window at a beautiful sunrise, pixar 3d style, vertical 9:16|||cute cartoon orange tabby cat standing on two legs wearing a blue and white striped t-shirt walking through a peaceful green park with blooming flowers, pixar 3d style, vertical 9:16|||cute cartoon orange tabby cat standing on two legs wearing a blue and white striped t-shirt smiling happily in front of a warm welcoming home, pixar 3d style, vertical 9:16"
194,Capolavoro Letterario 194,Charlotte Brontë,1834,Romanzo Psicologico,"Un viaggio straordinario attraverso le pagine di un'opera immortale, dove l'ingegno, il coraggio e la passione umana affrontano le prove più grandi. Ogni capitolo svela una lezione profonda sull'importanza dei legami autentici, della lealtà e della ricerca di un rifugio sicuro per l'anima. Custodisci la bellezza dei tuoi sogni con dedizione.","cute cartoon orange tabby cat standing on two legs wearing a blue and white striped t-shirt reading an open vintage book in cozy library, pixar 3d style, vertical 9:16|||cute cartoon orange tabby cat standing on two legs wearing a blue and white striped t-shirt looking out a bright window at a beautiful sunrise, pixar 3d style, vertical 9:16|||cute cartoon orange tabby cat standing on two legs wearing a blue and white striped t-shirt walking through a peaceful green park with blooming flowers, pixar 3d style, vertical 9:16|||cute cartoon orange tabby cat standing on two legs wearing a blue and white striped t-shirt smiling happily in front of a warm welcoming home, pixar 3d style, vertical 9:16"
195,Capolavoro Letterario 195,Lev Tolstoj,1835,Giallo d'Epoca,"Un viaggio straordinario attraverso le pagine di un'opera immortale, dove l'ingegno, il coraggio e la passione umana affrontano le prove più grandi. Ogni capitolo svela una lezione profonda sull'importanza dei legami autentici, della lealtà e della ricerca di un rifugio sicuro per l'anima. Custodisci la bellezza dei tuoi sogni con dedizione.","cute cartoon orange tabby cat standing on two legs wearing a blue and white striped t-shirt reading an open vintage book in cozy library, pixar 3d style, vertical 9:16|||cute cartoon orange tabby cat standing on two legs wearing a blue and white striped t-shirt looking out a bright window at a beautiful sunrise, pixar 3d style, vertical 9:16|||cute cartoon orange tabby cat standing on two legs wearing a blue and white striped t-shirt walking through a peaceful green park with blooming flowers, pixar 3d style, vertical 9:16|||cute cartoon orange tabby cat standing on two legs wearing a blue and white striped t-shirt smiling happily in front of a warm welcoming home, pixar 3d style, vertical 9:16"
196,Capolavoro Letterario 196,Fëdor Dostoevskij,1836,Epopea Marinara,"Un viaggio straordinario attraverso le pagine di un'opera immortale, dove l'ingegno, il coraggio e la passione umana affrontano le prove più grandi. Ogni capitolo svela una lezione profonda sull'importanza dei legami autentici, della lealtà e della ricerca di un rifugio sicuro per l'anima. Custodisci la bellezza dei tuoi sogni con dedizione.","cute cartoon orange tabby cat standing on two legs wearing a blue and white striped t-shirt reading an open vintage book in cozy library, pixar 3d style, vertical 9:16|||cute cartoon orange tabby cat standing on two legs wearing a blue and white striped t-shirt looking out a bright window at a beautiful sunrise, pixar 3d style, vertical 9:16|||cute cartoon orange tabby cat standing on two legs wearing a blue and white striped t-shirt walking through a peaceful green park with blooming flowers, pixar 3d style, vertical 9:16|||cute cartoon orange tabby cat standing on two legs wearing a blue and white striped t-shirt smiling happily in front of a warm welcoming home, pixar 3d style, vertical 9:16"
197,Capolavoro Letterario 197,Victor Hugo,1837,Romanzo di Formazione,"Un viaggio straordinario attraverso le pagine di un'opera immortale, dove l'ingegno, il coraggio e la passione umana affrontano le prove più grandi. Ogni capitolo svela una lezione profonda sull'importanza dei legami autentici, della lealtà e della ricerca di un rifugio sicuro per l'anima. Custodisci la bellezza dei tuoi sogni con dedizione.","cute cartoon orange tabby cat standing on two legs wearing a blue and white striped t-shirt reading an open vintage book in cozy library, pixar 3d style, vertical 9:16|||cute cartoon orange tabby cat standing on two legs wearing a blue and white striped t-shirt looking out a bright window at a beautiful sunrise, pixar 3d style, vertical 9:16|||cute cartoon orange tabby cat standing on two legs wearing a blue and white striped t-shirt walking through a peaceful green park with blooming flowers, pixar 3d style, vertical 9:16|||cute cartoon orange tabby cat standing on two legs wearing a blue and white striped t-shirt smiling happily in front of a warm welcoming home, pixar 3d style, vertical 9:16"
198,Capolavoro Letterario 198,Stendhal,1838,Gotico e Mistero,"Un viaggio straordinario attraverso le pagine di un'opera immortale, dove l'ingegno, il coraggio e la passione umana affrontano le prove più grandi. Ogni capitolo svela una lezione profonda sull'importanza dei legami autentici, della lealtà e della ricerca di un rifugio sicuro per l'anima. Custodisci la bellezza dei tuoi sogni con dedizione.","cute cartoon orange tabby cat standing on two legs wearing a blue and white striped t-shirt reading an open vintage book in cozy library, pixar 3d style, vertical 9:16|||cute cartoon orange tabby cat standing on two legs wearing a blue and white striped t-shirt looking out a bright window at a beautiful sunrise, pixar 3d style, vertical 9:16|||cute cartoon orange tabby cat standing on two legs wearing a blue and white striped t-shirt walking through a peaceful green park with blooming flowers, pixar 3d style, vertical 9:16|||cute cartoon orange tabby cat standing on two legs wearing a blue and white striped t-shirt smiling happily in front of a warm welcoming home, pixar 3d style, vertical 9:16"
199,Capolavoro Letterario 199,Honoré de Balzac,1839,Romanzo d'Avventura,"Un viaggio straordinario attraverso le pagine di un'opera immortale, dove l'ingegno, il coraggio e la passione umana affrontano le prove più grandi. Ogni capitolo svela una lezione profonda sull'importanza dei legami autentici, della lealtà e della ricerca di un rifugio sicuro per l'anima. Custodisci la bellezza dei tuoi sogni con dedizione.","cute cartoon orange tabby cat standing on two legs wearing a blue and white striped t-shirt reading an open vintage book in cozy library, pixar 3d style, vertical 9:16|||cute cartoon orange tabby cat standing on two legs wearing a blue and white striped t-shirt looking out a bright window at a beautiful sunrise, pixar 3d style, vertical 9:16|||cute cartoon orange tabby cat standing on two legs wearing a blue and white striped t-shirt walking through a peaceful green park with blooming flowers, pixar 3d style, vertical 9:16|||cute cartoon orange tabby cat standing on two legs wearing a blue and white striped t-shirt smiling happily in front of a warm welcoming home, pixar 3d style, vertical 9:16"
200,Capolavoro Letterario 200,Ivan Turgenev,1840,Classico della Letteratura,"Un viaggio straordinario attraverso le pagine di un'opera immortale, dove l'ingegno, il coraggio e la passione umana affrontano le prove più grandi. Ogni capitolo svela una lezione profonda sull'importanza dei legami autentici, della lealtà e della ricerca di un rifugio sicuro per l'anima. Custodisci la bellezza dei tuoi sogni con dedizione.","cute cartoon orange tabby cat standing on two legs wearing a blue and white striped t-shirt reading an open vintage book in cozy library, pixar 3d style, vertical 9:16|||cute cartoon orange tabby cat standing on two legs wearing a blue and white striped t-shirt looking out a bright window at a beautiful sunrise, pixar 3d style, vertical 9:16|||cute cartoon orange tabby cat standing on two legs wearing a blue and white striped t-shirt walking through a peaceful green park with blooming flowers, pixar 3d style, vertical 9:16|||cute cartoon orange tabby cat standing on two legs wearing a blue and white striped t-shirt smiling happily in front of a warm welcoming home, pixar 3d style, vertical 9:16"
201,Capolavoro Letterario 201,Jules Verne,1841,Romanzo Storico,"Un viaggio straordinario attraverso le pagine di un'opera immortale, dove l'ingegno, il coraggio e la passione umana affrontano le prove più grandi. Ogni capitolo svela una lezione profonda sull'importanza dei legami autentici, della lealtà e della ricerca di un rifugio sicuro per l'anima. Custodisci la bellezza dei tuoi sogni con dedizione.","cute cartoon orange tabby cat standing on two legs wearing a blue and white striped t-shirt reading an open vintage book in cozy library, pixar 3d style, vertical 9:16|||cute cartoon orange tabby cat standing on two legs wearing a blue and white striped t-shirt looking out a bright window at a beautiful sunrise, pixar 3d style, vertical 9:16|||cute cartoon orange tabby cat standing on two legs wearing a blue and white striped t-shirt walking through a peaceful green park with blooming flowers, pixar 3d style, vertical 9:16|||cute cartoon orange tabby cat standing on two legs wearing a blue and white striped t-shirt smiling happily in front of a warm welcoming home, pixar 3d style, vertical 9:16"
202,Capolavoro Letterario 202,Robert Louis Stevenson,1842,Narrativa Fantastica,"Un viaggio straordinario attraverso le pagine di un'opera immortale, dove l'ingegno, il coraggio e la passione umana affrontano le prove più grandi. Ogni capitolo svela una lezione profonda sull'importanza dei legami autentici, della lealtà e della ricerca di un rifugio sicuro per l'anima. Custodisci la bellezza dei tuoi sogni con dedizione.","cute cartoon orange tabby cat standing on two legs wearing a blue and white striped t-shirt reading an open vintage book in cozy library, pixar 3d style, vertical 9:16|||cute cartoon orange tabby cat standing on two legs wearing a blue and white striped t-shirt looking out a bright window at a beautiful sunrise, pixar 3d style, vertical 9:16|||cute cartoon orange tabby cat standing on two legs wearing a blue and white striped t-shirt walking through a peaceful green park with blooming flowers, pixar 3d style, vertical 9:16|||cute cartoon orange tabby cat standing on two legs wearing a blue and white striped t-shirt smiling happily in front of a warm welcoming home, pixar 3d style, vertical 9:16"
203,Capolavoro Letterario 203,Charles Dickens,1843,Romanzo Psicologico,"Un viaggio straordinario attraverso le pagine di un'opera immortale, dove l'ingegno, il coraggio e la passione umana affrontano le prove più grandi. Ogni capitolo svela una lezione profonda sull'importanza dei legami autentici, della lealtà e della ricerca di un rifugio sicuro per l'anima. Custodisci la bellezza dei tuoi sogni con dedizione.","cute cartoon orange tabby cat standing on two legs wearing a blue and white striped t-shirt reading an open vintage book in cozy library, pixar 3d style, vertical 9:16|||cute cartoon orange tabby cat standing on two legs wearing a blue and white striped t-shirt looking out a bright window at a beautiful sunrise, pixar 3d style, vertical 9:16|||cute cartoon orange tabby cat standing on two legs wearing a blue and white striped t-shirt walking through a peaceful green park with blooming flowers, pixar 3d style, vertical 9:16|||cute cartoon orange tabby cat standing on two legs wearing a blue and white striped t-shirt smiling happily in front of a warm welcoming home, pixar 3d style, vertical 9:16"
204,Capolavoro Letterario 204,Alexandre Dumas,1844,Giallo d'Epoca,"Un viaggio straordinario attraverso le pagine di un'opera immortale, dove l'ingegno, il coraggio e la passione umana affrontano le prove più grandi. Ogni capitolo svela una lezione profonda sull'importanza dei legami autentici, della lealtà e della ricerca di un rifugio sicuro per l'anima. Custodisci la bellezza dei tuoi sogni con dedizione.","cute cartoon orange tabby cat standing on two legs wearing a blue and white striped t-shirt reading an open vintage book in cozy library, pixar 3d style, vertical 9:16|||cute cartoon orange tabby cat standing on two legs wearing a blue and white striped t-shirt looking out a bright window at a beautiful sunrise, pixar 3d style, vertical 9:16|||cute cartoon orange tabby cat standing on two legs wearing a blue and white striped t-shirt walking through a peaceful green park with blooming flowers, pixar 3d style, vertical 9:16|||cute cartoon orange tabby cat standing on two legs wearing a blue and white striped t-shirt smiling happily in front of a warm welcoming home, pixar 3d style, vertical 9:16"
205,Capolavoro Letterario 205,Arthur Conan Doyle,1845,Epopea Marinara,"Un viaggio straordinario attraverso le pagine di un'opera immortale, dove l'ingegno, il coraggio e la passione umana affrontano le prove più grandi. Ogni capitolo svela una lezione profonda sull'importanza dei legami autentici, della lealtà e della ricerca di un rifugio sicuro per l'anima. Custodisci la bellezza dei tuoi sogni con dedizione.","cute cartoon orange tabby cat standing on two legs wearing a blue and white striped t-shirt reading an open vintage book in cozy library, pixar 3d style, vertical 9:16|||cute cartoon orange tabby cat standing on two legs wearing a blue and white striped t-shirt looking out a bright window at a beautiful sunrise, pixar 3d style, vertical 9:16|||cute cartoon orange tabby cat standing on two legs wearing a blue and white striped t-shirt walking through a peaceful green park with blooming flowers, pixar 3d style, vertical 9:16|||cute cartoon orange tabby cat standing on two legs wearing a blue and white striped t-shirt smiling happily in front of a warm welcoming home, pixar 3d style, vertical 9:16"
206,Capolavoro Letterario 206,Herman Melville,1846,Romanzo di Formazione,"Un viaggio straordinario attraverso le pagine di un'opera immortale, dove l'ingegno, il coraggio e la passione umana affrontano le prove più grandi. Ogni capitolo svela una lezione profonda sull'importanza dei legami autentici, della lealtà e della ricerca di un rifugio sicuro per l'anima. Custodisci la bellezza dei tuoi sogni con dedizione.","cute cartoon orange tabby cat standing on two legs wearing a blue and white striped t-shirt reading an open vintage book in cozy library, pixar 3d style, vertical 9:16|||cute cartoon orange tabby cat standing on two legs wearing a blue and white striped t-shirt looking out a bright window at a beautiful sunrise, pixar 3d style, vertical 9:16|||cute cartoon orange tabby cat standing on two legs wearing a blue and white striped t-shirt walking through a peaceful green park with blooming flowers, pixar 3d style, vertical 9:16|||cute cartoon orange tabby cat standing on two legs wearing a blue and white striped t-shirt smiling happily in front of a warm welcoming home, pixar 3d style, vertical 9:16"
207,Capolavoro Letterario 207,Daniel Defoe,1847,Gotico e Mistero,"Un viaggio straordinario attraverso le pagine di un'opera immortale, dove l'ingegno, il coraggio e la passione umana affrontano le prove più grandi. Ogni capitolo svela una lezione profonda sull'importanza dei legami autentici, della lealtà e della ricerca di un rifugio sicuro per l'anima. Custodisci la bellezza dei tuoi sogni con dedizione.","cute cartoon orange tabby cat standing on two legs wearing a blue and white striped t-shirt reading an open vintage book in cozy library, pixar 3d style, vertical 9:16|||cute cartoon orange tabby cat standing on two legs wearing a blue and white striped t-shirt looking out a bright window at a beautiful sunrise, pixar 3d style, vertical 9:16|||cute cartoon orange tabby cat standing on two legs wearing a blue and white striped t-shirt walking through a peaceful green park with blooming flowers, pixar 3d style, vertical 9:16|||cute cartoon orange tabby cat standing on two legs wearing a blue and white striped t-shirt smiling happily in front of a warm welcoming home, pixar 3d style, vertical 9:16"
208,Capolavoro Letterario 208,Jack London,1848,Romanzo d'Avventura,"Un viaggio straordinario attraverso le pagine di un'opera immortale, dove l'ingegno, il coraggio e la passione umana affrontano le prove più grandi. Ogni capitolo svela una lezione profonda sull'importanza dei legami autentici, della lealtà e della ricerca di un rifugio sicuro per l'anima. Custodisci la bellezza dei tuoi sogni con dedizione.","cute cartoon orange tabby cat standing on two legs wearing a blue and white striped t-shirt reading an open vintage book in cozy library, pixar 3d style, vertical 9:16|||cute cartoon orange tabby cat standing on two legs wearing a blue and white striped t-shirt looking out a bright window at a beautiful sunrise, pixar 3d style, vertical 9:16|||cute cartoon orange tabby cat standing on two legs wearing a blue and white striped t-shirt walking through a peaceful green park with blooming flowers, pixar 3d style, vertical 9:16|||cute cartoon orange tabby cat standing on two legs wearing a blue and white striped t-shirt smiling happily in front of a warm welcoming home, pixar 3d style, vertical 9:16"
209,Capolavoro Letterario 209,Jane Austen,1849,Classico della Letteratura,"Un viaggio straordinario attraverso le pagine di un'opera immortale, dove l'ingegno, il coraggio e la passione umana affrontano le prove più grandi. Ogni capitolo svela una lezione profonda sull'importanza dei legami autentici, della lealtà e della ricerca di un rifugio sicuro per l'anima. Custodisci la bellezza dei tuoi sogni con dedizione.","cute cartoon orange tabby cat standing on two legs wearing a blue and white striped t-shirt reading an open vintage book in cozy library, pixar 3d style, vertical 9:16|||cute cartoon orange tabby cat standing on two legs wearing a blue and white striped t-shirt looking out a bright window at a beautiful sunrise, pixar 3d style, vertical 9:16|||cute cartoon orange tabby cat standing on two legs wearing a blue and white striped t-shirt walking through a peaceful green park with blooming flowers, pixar 3d style, vertical 9:16|||cute cartoon orange tabby cat standing on two legs wearing a blue and white striped t-shirt smiling happily in front of a warm welcoming home, pixar 3d style, vertical 9:16"
210,Capolavoro Letterario 210,Mark Twain,1850,Romanzo Storico,"Un viaggio straordinario attraverso le pagine di un'opera immortale, dove l'ingegno, il coraggio e la passione umana affrontano le prove più grandi. Ogni capitolo svela una lezione profonda sull'importanza dei legami autentici, della lealtà e della ricerca di un rifugio sicuro per l'anima. Custodisci la bellezza dei tuoi sogni con dedizione.","cute cartoon orange tabby cat standing on two legs wearing a blue and white striped t-shirt reading an open vintage book in cozy library, pixar 3d style, vertical 9:16|||cute cartoon orange tabby cat standing on two legs wearing a blue and white striped t-shirt looking out a bright window at a beautiful sunrise, pixar 3d style, vertical 9:16|||cute cartoon orange tabby cat standing on two legs wearing a blue and white striped t-shirt walking through a peaceful green park with blooming flowers, pixar 3d style, vertical 9:16|||cute cartoon orange tabby cat standing on two legs wearing a blue and white striped t-shirt smiling happily in front of a warm welcoming home, pixar 3d style, vertical 9:16"
211,Capolavoro Letterario 211,Edgar Allan Poe,1851,Narrativa Fantastica,"Un viaggio straordinario attraverso le pagine di un'opera immortale, dove l'ingegno, il coraggio e la passione umana affrontano le prove più grandi. Ogni capitolo svela una lezione profonda sull'importanza dei legami autentici, della lealtà e della ricerca di un rifugio sicuro per l'anima. Custodisci la bellezza dei tuoi sogni con dedizione.","cute cartoon orange tabby cat standing on two legs wearing a blue and white striped t-shirt reading an open vintage book in cozy library, pixar 3d style, vertical 9:16|||cute cartoon orange tabby cat standing on two legs wearing a blue and white striped t-shirt looking out a bright window at a beautiful sunrise, pixar 3d style, vertical 9:16|||cute cartoon orange tabby cat standing on two legs wearing a blue and white striped t-shirt walking through a peaceful green park with blooming flowers, pixar 3d style, vertical 9:16|||cute cartoon orange tabby cat standing on two legs wearing a blue and white striped t-shirt smiling happily in front of a warm welcoming home, pixar 3d style, vertical 9:16"
212,Capolavoro Letterario 212,Oscar Wilde,1852,Romanzo Psicologico,"Un viaggio straordinario attraverso le pagine di un'opera immortale, dove l'ingegno, il coraggio e la passione umana affrontano le prove più grandi. Ogni capitolo svela una lezione profonda sull'importanza dei legami autentici, della lealtà e della ricerca di un rifugio sicuro per l'anima. Custodisci la bellezza dei tuoi sogni con dedizione.","cute cartoon orange tabby cat standing on two legs wearing a blue and white striped t-shirt reading an open vintage book in cozy library, pixar 3d style, vertical 9:16|||cute cartoon orange tabby cat standing on two legs wearing a blue and white striped t-shirt looking out a bright window at a beautiful sunrise, pixar 3d style, vertical 9:16|||cute cartoon orange tabby cat standing on two legs wearing a blue and white striped t-shirt walking through a peaceful green park with blooming flowers, pixar 3d style, vertical 9:16|||cute cartoon orange tabby cat standing on two legs wearing a blue and white striped t-shirt smiling happily in front of a warm welcoming home, pixar 3d style, vertical 9:16"
213,Capolavoro Letterario 213,Emily Brontë,1853,Giallo d'Epoca,"Un viaggio straordinario attraverso le pagine di un'opera immortale, dove l'ingegno, il coraggio e la passione umana affrontano le prove più grandi. Ogni capitolo svela una lezione profonda sull'importanza dei legami autentici, della lealtà e della ricerca di un rifugio sicuro per l'anima. Custodisci la bellezza dei tuoi sogni con dedizione.","cute cartoon orange tabby cat standing on two legs wearing a blue and white striped t-shirt reading an open vintage book in cozy library, pixar 3d style, vertical 9:16|||cute cartoon orange tabby cat standing on two legs wearing a blue and white striped t-shirt looking out a bright window at a beautiful sunrise, pixar 3d style, vertical 9:16|||cute cartoon orange tabby cat standing on two legs wearing a blue and white striped t-shirt walking through a peaceful green park with blooming flowers, pixar 3d style, vertical 9:16|||cute cartoon orange tabby cat standing on two legs wearing a blue and white striped t-shirt smiling happily in front of a warm welcoming home, pixar 3d style, vertical 9:16"
214,Capolavoro Letterario 214,Charlotte Brontë,1854,Epopea Marinara,"Un viaggio straordinario attraverso le pagine di un'opera immortale, dove l'ingegno, il coraggio e la passione umana affrontano le prove più grandi. Ogni capitolo svela una lezione profonda sull'importanza dei legami autentici, della lealtà e della ricerca di un rifugio sicuro per l'anima. Custodisci la bellezza dei tuoi sogni con dedizione.","cute cartoon orange tabby cat standing on two legs wearing a blue and white striped t-shirt reading an open vintage book in cozy library, pixar 3d style, vertical 9:16|||cute cartoon orange tabby cat standing on two legs wearing a blue and white striped t-shirt looking out a bright window at a beautiful sunrise, pixar 3d style, vertical 9:16|||cute cartoon orange tabby cat standing on two legs wearing a blue and white striped t-shirt walking through a peaceful green park with blooming flowers, pixar 3d style, vertical 9:16|||cute cartoon orange tabby cat standing on two legs wearing a blue and white striped t-shirt smiling happily in front of a warm welcoming home, pixar 3d style, vertical 9:16"
215,Capolavoro Letterario 215,Lev Tolstoj,1855,Romanzo di Formazione,"Un viaggio straordinario attraverso le pagine di un'opera immortale, dove l'ingegno, il coraggio e la passione umana affrontano le prove più grandi. Ogni capitolo svela una lezione profonda sull'importanza dei legami autentici, della lealtà e della ricerca di un rifugio sicuro per l'anima. Custodisci la bellezza dei tuoi sogni con dedizione.","cute cartoon orange tabby cat standing on two legs wearing a blue and white striped t-shirt reading an open vintage book in cozy library, pixar 3d style, vertical 9:16|||cute cartoon orange tabby cat standing on two legs wearing a blue and white striped t-shirt looking out a bright window at a beautiful sunrise, pixar 3d style, vertical 9:16|||cute cartoon orange tabby cat standing on two legs wearing a blue and white striped t-shirt walking through a peaceful green park with blooming flowers, pixar 3d style, vertical 9:16|||cute cartoon orange tabby cat standing on two legs wearing a blue and white striped t-shirt smiling happily in front of a warm welcoming home, pixar 3d style, vertical 9:16"
216,Capolavoro Letterario 216,Fëdor Dostoevskij,1856,Gotico e Mistero,"Un viaggio straordinario attraverso le pagine di un'opera immortale, dove l'ingegno, il coraggio e la passione umana affrontano le prove più grandi. Ogni capitolo svela una lezione profonda sull'importanza dei legami autentici, della lealtà e della ricerca di un rifugio sicuro per l'anima. Custodisci la bellezza dei tuoi sogni con dedizione.","cute cartoon orange tabby cat standing on two legs wearing a blue and white striped t-shirt reading an open vintage book in cozy library, pixar 3d style, vertical 9:16|||cute cartoon orange tabby cat standing on two legs wearing a blue and white striped t-shirt looking out a bright window at a beautiful sunrise, pixar 3d style, vertical 9:16|||cute cartoon orange tabby cat standing on two legs wearing a blue and white striped t-shirt walking through a peaceful green park with blooming flowers, pixar 3d style, vertical 9:16|||cute cartoon orange tabby cat standing on two legs wearing a blue and white striped t-shirt smiling happily in front of a warm welcoming home, pixar 3d style, vertical 9:16"
217,Capolavoro Letterario 217,Victor Hugo,1857,Romanzo d'Avventura,"Un viaggio straordinario attraverso le pagine di un'opera immortale, dove l'ingegno, il coraggio e la passione umana affrontano le prove più grandi. Ogni capitolo svela una lezione profonda sull'importanza dei legami autentici, della lealtà e della ricerca di un rifugio sicuro per l'anima. Custodisci la bellezza dei tuoi sogni con dedizione.","cute cartoon orange tabby cat standing on two legs wearing a blue and white striped t-shirt reading an open vintage book in cozy library, pixar 3d style, vertical 9:16|||cute cartoon orange tabby cat standing on two legs wearing a blue and white striped t-shirt looking out a bright window at a beautiful sunrise, pixar 3d style, vertical 9:16|||cute cartoon orange tabby cat standing on two legs wearing a blue and white striped t-shirt walking through a peaceful green park with blooming flowers, pixar 3d style, vertical 9:16|||cute cartoon orange tabby cat standing on two legs wearing a blue and white striped t-shirt smiling happily in front of a warm welcoming home, pixar 3d style, vertical 9:16"
218,Capolavoro Letterario 218,Stendhal,1858,Classico della Letteratura,"Un viaggio straordinario attraverso le pagine di un'opera immortale, dove l'ingegno, il coraggio e la passione umana affrontano le prove più grandi. Ogni capitolo svela una lezione profonda sull'importanza dei legami autentici, della lealtà e della ricerca di un rifugio sicuro per l'anima. Custodisci la bellezza dei tuoi sogni con dedizione.","cute cartoon orange tabby cat standing on two legs wearing a blue and white striped t-shirt reading an open vintage book in cozy library, pixar 3d style, vertical 9:16|||cute cartoon orange tabby cat standing on two legs wearing a blue and white striped t-shirt looking out a bright window at a beautiful sunrise, pixar 3d style, vertical 9:16|||cute cartoon orange tabby cat standing on two legs wearing a blue and white striped t-shirt walking through a peaceful green park with blooming flowers, pixar 3d style, vertical 9:16|||cute cartoon orange tabby cat standing on two legs wearing a blue and white striped t-shirt smiling happily in front of a warm welcoming home, pixar 3d style, vertical 9:16"
219,Capolavoro Letterario 219,Honoré de Balzac,1859,Romanzo Storico,"Un viaggio straordinario attraverso le pagine di un'opera immortale, dove l'ingegno, il coraggio e la passione umana affrontano le prove più grandi. Ogni capitolo svela una lezione profonda sull'importanza dei legami autentici, della lealtà e della ricerca di un rifugio sicuro per l'anima. Custodisci la bellezza dei tuoi sogni con dedizione.","cute cartoon orange tabby cat standing on two legs wearing a blue and white striped t-shirt reading an open vintage book in cozy library, pixar 3d style, vertical 9:16|||cute cartoon orange tabby cat standing on two legs wearing a blue and white striped t-shirt looking out a bright window at a beautiful sunrise, pixar 3d style, vertical 9:16|||cute cartoon orange tabby cat standing on two legs wearing a blue and white striped t-shirt walking through a peaceful green park with blooming flowers, pixar 3d style, vertical 9:16|||cute cartoon orange tabby cat standing on two legs wearing a blue and white striped t-shirt smiling happily in front of a warm welcoming home, pixar 3d style, vertical 9:16"
220,Capolavoro Letterario 220,Ivan Turgenev,1860,Narrativa Fantastica,"Un viaggio straordinario attraverso le pagine di un'opera immortale, dove l'ingegno, il coraggio e la passione umana affrontano le prove più grandi. Ogni capitolo svela una lezione profonda sull'importanza dei legami autentici, della lealtà e della ricerca di un rifugio sicuro per l'anima. Custodisci la bellezza dei tuoi sogni con dedizione.","cute cartoon orange tabby cat standing on two legs wearing a blue and white striped t-shirt reading an open vintage book in cozy library, pixar 3d style, vertical 9:16|||cute cartoon orange tabby cat standing on two legs wearing a blue and white striped t-shirt looking out a bright window at a beautiful sunrise, pixar 3d style, vertical 9:16|||cute cartoon orange tabby cat standing on two legs wearing a blue and white striped t-shirt walking through a peaceful green park with blooming flowers, pixar 3d style, vertical 9:16|||cute cartoon orange tabby cat standing on two legs wearing a blue and white striped t-shirt smiling happily in front of a warm welcoming home, pixar 3d style, vertical 9:16"
221,Capolavoro Letterario 221,Jules Verne,1861,Romanzo Psicologico,"Un viaggio straordinario attraverso le pagine di un'opera immortale, dove l'ingegno, il coraggio e la passione umana affrontano le prove più grandi. Ogni capitolo svela una lezione profonda sull'importanza dei legami autentici, della lealtà e della ricerca di un rifugio sicuro per l'anima. Custodisci la bellezza dei tuoi sogni con dedizione.","cute cartoon orange tabby cat standing on two legs wearing a blue and white striped t-shirt reading an open vintage book in cozy library, pixar 3d style, vertical 9:16|||cute cartoon orange tabby cat standing on two legs wearing a blue and white striped t-shirt looking out a bright window at a beautiful sunrise, pixar 3d style, vertical 9:16|||cute cartoon orange tabby cat standing on two legs wearing a blue and white striped t-shirt walking through a peaceful green park with blooming flowers, pixar 3d style, vertical 9:16|||cute cartoon orange tabby cat standing on two legs wearing a blue and white striped t-shirt smiling happily in front of a warm welcoming home, pixar 3d style, vertical 9:16"
222,Capolavoro Letterario 222,Robert Louis Stevenson,1862,Giallo d'Epoca,"Un viaggio straordinario attraverso le pagine di un'opera immortale, dove l'ingegno, il coraggio e la passione umana affrontano le prove più grandi. Ogni capitolo svela una lezione profonda sull'importanza dei legami autentici, della lealtà e della ricerca di un rifugio sicuro per l'anima. Custodisci la bellezza dei tuoi sogni con dedizione.","cute cartoon orange tabby cat standing on two legs wearing a blue and white striped t-shirt reading an open vintage book in cozy library, pixar 3d style, vertical 9:16|||cute cartoon orange tabby cat standing on two legs wearing a blue and white striped t-shirt looking out a bright window at a beautiful sunrise, pixar 3d style, vertical 9:16|||cute cartoon orange tabby cat standing on two legs wearing a blue and white striped t-shirt walking through a peaceful green park with blooming flowers, pixar 3d style, vertical 9:16|||cute cartoon orange tabby cat standing on two legs wearing a blue and white striped t-shirt smiling happily in front of a warm welcoming home, pixar 3d style, vertical 9:16"
223,Capolavoro Letterario 223,Charles Dickens,1863,Epopea Marinara,"Un viaggio straordinario attraverso le pagine di un'opera immortale, dove l'ingegno, il coraggio e la passione umana affrontano le prove più grandi. Ogni capitolo svela una lezione profonda sull'importanza dei legami autentici, della lealtà e della ricerca di un rifugio sicuro per l'anima. Custodisci la bellezza dei tuoi sogni con dedizione.","cute cartoon orange tabby cat standing on two legs wearing a blue and white striped t-shirt reading an open vintage book in cozy library, pixar 3d style, vertical 9:16|||cute cartoon orange tabby cat standing on two legs wearing a blue and white striped t-shirt looking out a bright window at a beautiful sunrise, pixar 3d style, vertical 9:16|||cute cartoon orange tabby cat standing on two legs wearing a blue and white striped t-shirt walking through a peaceful green park with blooming flowers, pixar 3d style, vertical 9:16|||cute cartoon orange tabby cat standing on two legs wearing a blue and white striped t-shirt smiling happily in front of a warm welcoming home, pixar 3d style, vertical 9:16"
224,Capolavoro Letterario 224,Alexandre Dumas,1864,Romanzo di Formazione,"Un viaggio straordinario attraverso le pagine di un'opera immortale, dove l'ingegno, il coraggio e la passione umana affrontano le prove più grandi. Ogni capitolo svela una lezione profonda sull'importanza dei legami autentici, della lealtà e della ricerca di un rifugio sicuro per l'anima. Custodisci la bellezza dei tuoi sogni con dedizione.","cute cartoon orange tabby cat standing on two legs wearing a blue and white striped t-shirt reading an open vintage book in cozy library, pixar 3d style, vertical 9:16|||cute cartoon orange tabby cat standing on two legs wearing a blue and white striped t-shirt looking out a bright window at a beautiful sunrise, pixar 3d style, vertical 9:16|||cute cartoon orange tabby cat standing on two legs wearing a blue and white striped t-shirt walking through a peaceful green park with blooming flowers, pixar 3d style, vertical 9:16|||cute cartoon orange tabby cat standing on two legs wearing a blue and white striped t-shirt smiling happily in front of a warm welcoming home, pixar 3d style, vertical 9:16"
225,Capolavoro Letterario 225,Arthur Conan Doyle,1865,Gotico e Mistero,"Un viaggio straordinario attraverso le pagine di un'opera immortale, dove l'ingegno, il coraggio e la passione umana affrontano le prove più grandi. Ogni capitolo svela una lezione profonda sull'importanza dei legami autentici, della lealtà e della ricerca di un rifugio sicuro per l'anima. Custodisci la bellezza dei tuoi sogni con dedizione.","cute cartoon orange tabby cat standing on two legs wearing a blue and white striped t-shirt reading an open vintage book in cozy library, pixar 3d style, vertical 9:16|||cute cartoon orange tabby cat standing on two legs wearing a blue and white striped t-shirt looking out a bright window at a beautiful sunrise, pixar 3d style, vertical 9:16|||cute cartoon orange tabby cat standing on two legs wearing a blue and white striped t-shirt walking through a peaceful green park with blooming flowers, pixar 3d style, vertical 9:16|||cute cartoon orange tabby cat standing on two legs wearing a blue and white striped t-shirt smiling happily in front of a warm welcoming home, pixar 3d style, vertical 9:16"
226,Capolavoro Letterario 226,Herman Melville,1866,Romanzo d'Avventura,"Un viaggio straordinario attraverso le pagine di un'opera immortale, dove l'ingegno, il coraggio e la passione umana affrontano le prove più grandi. Ogni capitolo svela una lezione profonda sull'importanza dei legami autentici, della lealtà e della ricerca di un rifugio sicuro per l'anima. Custodisci la bellezza dei tuoi sogni con dedizione.","cute cartoon orange tabby cat standing on two legs wearing a blue and white striped t-shirt reading an open vintage book in cozy library, pixar 3d style, vertical 9:16|||cute cartoon orange tabby cat standing on two legs wearing a blue and white striped t-shirt looking out a bright window at a beautiful sunrise, pixar 3d style, vertical 9:16|||cute cartoon orange tabby cat standing on two legs wearing a blue and white striped t-shirt walking through a peaceful green park with blooming flowers, pixar 3d style, vertical 9:16|||cute cartoon orange tabby cat standing on two legs wearing a blue and white striped t-shirt smiling happily in front of a warm welcoming home, pixar 3d style, vertical 9:16"
227,Capolavoro Letterario 227,Daniel Defoe,1867,Classico della Letteratura,"Un viaggio straordinario attraverso le pagine di un'opera immortale, dove l'ingegno, il coraggio e la passione umana affrontano le prove più grandi. Ogni capitolo svela una lezione profonda sull'importanza dei legami autentici, della lealtà e della ricerca di un rifugio sicuro per l'anima. Custodisci la bellezza dei tuoi sogni con dedizione.","cute cartoon orange tabby cat standing on two legs wearing a blue and white striped t-shirt reading an open vintage book in cozy library, pixar 3d style, vertical 9:16|||cute cartoon orange tabby cat standing on two legs wearing a blue and white striped t-shirt looking out a bright window at a beautiful sunrise, pixar 3d style, vertical 9:16|||cute cartoon orange tabby cat standing on two legs wearing a blue and white striped t-shirt walking through a peaceful green park with blooming flowers, pixar 3d style, vertical 9:16|||cute cartoon orange tabby cat standing on two legs wearing a blue and white striped t-shirt smiling happily in front of a warm welcoming home, pixar 3d style, vertical 9:16"
228,Capolavoro Letterario 228,Jack London,1868,Romanzo Storico,"Un viaggio straordinario attraverso le pagine di un'opera immortale, dove l'ingegno, il coraggio e la passione umana affrontano le prove più grandi. Ogni capitolo svela una lezione profonda sull'importanza dei legami autentici, della lealtà e della ricerca di un rifugio sicuro per l'anima. Custodisci la bellezza dei tuoi sogni con dedizione.","cute cartoon orange tabby cat standing on two legs wearing a blue and white striped t-shirt reading an open vintage book in cozy library, pixar 3d style, vertical 9:16|||cute cartoon orange tabby cat standing on two legs wearing a blue and white striped t-shirt looking out a bright window at a beautiful sunrise, pixar 3d style, vertical 9:16|||cute cartoon orange tabby cat standing on two legs wearing a blue and white striped t-shirt walking through a peaceful green park with blooming flowers, pixar 3d style, vertical 9:16|||cute cartoon orange tabby cat standing on two legs wearing a blue and white striped t-shirt smiling happily in front of a warm welcoming home, pixar 3d style, vertical 9:16"
229,Capolavoro Letterario 229,Jane Austen,1869,Narrativa Fantastica,"Un viaggio straordinario attraverso le pagine di un'opera immortale, dove l'ingegno, il coraggio e la passione umana affrontano le prove più grandi. Ogni capitolo svela una lezione profonda sull'importanza dei legami autentici, della lealtà e della ricerca di un rifugio sicuro per l'anima. Custodisci la bellezza dei tuoi sogni con dedizione.","cute cartoon orange tabby cat standing on two legs wearing a blue and white striped t-shirt reading an open vintage book in cozy library, pixar 3d style, vertical 9:16|||cute cartoon orange tabby cat standing on two legs wearing a blue and white striped t-shirt looking out a bright window at a beautiful sunrise, pixar 3d style, vertical 9:16|||cute cartoon orange tabby cat standing on two legs wearing a blue and white striped t-shirt walking through a peaceful green park with blooming flowers, pixar 3d style, vertical 9:16|||cute cartoon orange tabby cat standing on two legs wearing a blue and white striped t-shirt smiling happily in front of a warm welcoming home, pixar 3d style, vertical 9:16"
230,Capolavoro Letterario 230,Mark Twain,1870,Romanzo Psicologico,"Un viaggio straordinario attraverso le pagine di un'opera immortale, dove l'ingegno, il coraggio e la passione umana affrontano le prove più grandi. Ogni capitolo svela una lezione profonda sull'importanza dei legami autentici, della lealtà e della ricerca di un rifugio sicuro per l'anima. Custodisci la bellezza dei tuoi sogni con dedizione.","cute cartoon orange tabby cat standing on two legs wearing a blue and white striped t-shirt reading an open vintage book in cozy library, pixar 3d style, vertical 9:16|||cute cartoon orange tabby cat standing on two legs wearing a blue and white striped t-shirt looking out a bright window at a beautiful sunrise, pixar 3d style, vertical 9:16|||cute cartoon orange tabby cat standing on two legs wearing a blue and white striped t-shirt walking through a peaceful green park with blooming flowers, pixar 3d style, vertical 9:16|||cute cartoon orange tabby cat standing on two legs wearing a blue and white striped t-shirt smiling happily in front of a warm welcoming home, pixar 3d style, vertical 9:16"
231,Capolavoro Letterario 231,Edgar Allan Poe,1871,Giallo d'Epoca,"Un viaggio straordinario attraverso le pagine di un'opera immortale, dove l'ingegno, il coraggio e la passione umana affrontano le prove più grandi. Ogni capitolo svela una lezione profonda sull'importanza dei legami autentici, della lealtà e della ricerca di un rifugio sicuro per l'anima. Custodisci la bellezza dei tuoi sogni con dedizione.","cute cartoon orange tabby cat standing on two legs wearing a blue and white striped t-shirt reading an open vintage book in cozy library, pixar 3d style, vertical 9:16|||cute cartoon orange tabby cat standing on two legs wearing a blue and white striped t-shirt looking out a bright window at a beautiful sunrise, pixar 3d style, vertical 9:16|||cute cartoon orange tabby cat standing on two legs wearing a blue and white striped t-shirt walking through a peaceful green park with blooming flowers, pixar 3d style, vertical 9:16|||cute cartoon orange tabby cat standing on two legs wearing a blue and white striped t-shirt smiling happily in front of a warm welcoming home, pixar 3d style, vertical 9:16"
232,Capolavoro Letterario 232,Oscar Wilde,1872,Epopea Marinara,"Un viaggio straordinario attraverso le pagine di un'opera immortale, dove l'ingegno, il coraggio e la passione umana affrontano le prove più grandi. Ogni capitolo svela una lezione profonda sull'importanza dei legami autentici, della lealtà e della ricerca di un rifugio sicuro per l'anima. Custodisci la bellezza dei tuoi sogni con dedizione.","cute cartoon orange tabby cat standing on two legs wearing a blue and white striped t-shirt reading an open vintage book in cozy library, pixar 3d style, vertical 9:16|||cute cartoon orange tabby cat standing on two legs wearing a blue and white striped t-shirt looking out a bright window at a beautiful sunrise, pixar 3d style, vertical 9:16|||cute cartoon orange tabby cat standing on two legs wearing a blue and white striped t-shirt walking through a peaceful green park with blooming flowers, pixar 3d style, vertical 9:16|||cute cartoon orange tabby cat standing on two legs wearing a blue and white striped t-shirt smiling happily in front of a warm welcoming home, pixar 3d style, vertical 9:16"
233,Capolavoro Letterario 233,Emily Brontë,1873,Romanzo di Formazione,"Un viaggio straordinario attraverso le pagine di un'opera immortale, dove l'ingegno, il coraggio e la passione umana affrontano le prove più grandi. Ogni capitolo svela una lezione profonda sull'importanza dei legami autentici, della lealtà e della ricerca di un rifugio sicuro per l'anima. Custodisci la bellezza dei tuoi sogni con dedizione.","cute cartoon orange tabby cat standing on two legs wearing a blue and white striped t-shirt reading an open vintage book in cozy library, pixar 3d style, vertical 9:16|||cute cartoon orange tabby cat standing on two legs wearing a blue and white striped t-shirt looking out a bright window at a beautiful sunrise, pixar 3d style, vertical 9:16|||cute cartoon orange tabby cat standing on two legs wearing a blue and white striped t-shirt walking through a peaceful green park with blooming flowers, pixar 3d style, vertical 9:16|||cute cartoon orange tabby cat standing on two legs wearing a blue and white striped t-shirt smiling happily in front of a warm welcoming home, pixar 3d style, vertical 9:16"
234,Capolavoro Letterario 234,Charlotte Brontë,1874,Gotico e Mistero,"Un viaggio straordinario attraverso le pagine di un'opera immortale, dove l'ingegno, il coraggio e la passione umana affrontano le prove più grandi. Ogni capitolo svela una lezione profonda sull'importanza dei legami autentici, della lealtà e della ricerca di un rifugio sicuro per l'anima. Custodisci la bellezza dei tuoi sogni con dedizione.","cute cartoon orange tabby cat standing on two legs wearing a blue and white striped t-shirt reading an open vintage book in cozy library, pixar 3d style, vertical 9:16|||cute cartoon orange tabby cat standing on two legs wearing a blue and white striped t-shirt looking out a bright window at a beautiful sunrise, pixar 3d style, vertical 9:16|||cute cartoon orange tabby cat standing on two legs wearing a blue and white striped t-shirt walking through a peaceful green park with blooming flowers, pixar 3d style, vertical 9:16|||cute cartoon orange tabby cat standing on two legs wearing a blue and white striped t-shirt smiling happily in front of a warm welcoming home, pixar 3d style, vertical 9:16"
235,Capolavoro Letterario 235,Lev Tolstoj,1875,Romanzo d'Avventura,"Un viaggio straordinario attraverso le pagine di un'opera immortale, dove l'ingegno, il coraggio e la passione umana affrontano le prove più grandi. Ogni capitolo svela una lezione profonda sull'importanza dei legami autentici, della lealtà e della ricerca di un rifugio sicuro per l'anima. Custodisci la bellezza dei tuoi sogni con dedizione.","cute cartoon orange tabby cat standing on two legs wearing a blue and white striped t-shirt reading an open vintage book in cozy library, pixar 3d style, vertical 9:16|||cute cartoon orange tabby cat standing on two legs wearing a blue and white striped t-shirt looking out a bright window at a beautiful sunrise, pixar 3d style, vertical 9:16|||cute cartoon orange tabby cat standing on two legs wearing a blue and white striped t-shirt walking through a peaceful green park with blooming flowers, pixar 3d style, vertical 9:16|||cute cartoon orange tabby cat standing on two legs wearing a blue and white striped t-shirt smiling happily in front of a warm welcoming home, pixar 3d style, vertical 9:16"
236,Capolavoro Letterario 236,Fëdor Dostoevskij,1876,Classico della Letteratura,"Un viaggio straordinario attraverso le pagine di un'opera immortale, dove l'ingegno, il coraggio e la passione umana affrontano le prove più grandi. Ogni capitolo svela una lezione profonda sull'importanza dei legami autentici, della lealtà e della ricerca di un rifugio sicuro per l'anima. Custodisci la bellezza dei tuoi sogni con dedizione.","cute cartoon orange tabby cat standing on two legs wearing a blue and white striped t-shirt reading an open vintage book in cozy library, pixar 3d style, vertical 9:16|||cute cartoon orange tabby cat standing on two legs wearing a blue and white striped t-shirt looking out a bright window at a beautiful sunrise, pixar 3d style, vertical 9:16|||cute cartoon orange tabby cat standing on two legs wearing a blue and white striped t-shirt walking through a peaceful green park with blooming flowers, pixar 3d style, vertical 9:16|||cute cartoon orange tabby cat standing on two legs wearing a blue and white striped t-shirt smiling happily in front of a warm welcoming home, pixar 3d style, vertical 9:16"
237,Capolavoro Letterario 237,Victor Hugo,1877,Romanzo Storico,"Un viaggio straordinario attraverso le pagine di un'opera immortale, dove l'ingegno, il coraggio e la passione umana affrontano le prove più grandi. Ogni capitolo svela una lezione profonda sull'importanza dei legami autentici, della lealtà e della ricerca di un rifugio sicuro per l'anima. Custodisci la bellezza dei tuoi sogni con dedizione.","cute cartoon orange tabby cat standing on two legs wearing a blue and white striped t-shirt reading an open vintage book in cozy library, pixar 3d style, vertical 9:16|||cute cartoon orange tabby cat standing on two legs wearing a blue and white striped t-shirt looking out a bright window at a beautiful sunrise, pixar 3d style, vertical 9:16|||cute cartoon orange tabby cat standing on two legs wearing a blue and white striped t-shirt walking through a peaceful green park with blooming flowers, pixar 3d style, vertical 9:16|||cute cartoon orange tabby cat standing on two legs wearing a blue and white striped t-shirt smiling happily in front of a warm welcoming home, pixar 3d style, vertical 9:16"
238,Capolavoro Letterario 238,Stendhal,1878,Narrativa Fantastica,"Un viaggio straordinario attraverso le pagine di un'opera immortale, dove l'ingegno, il coraggio e la passione umana affrontano le prove più grandi. Ogni capitolo svela una lezione profonda sull'importanza dei legami autentici, della lealtà e della ricerca di un rifugio sicuro per l'anima. Custodisci la bellezza dei tuoi sogni con dedizione.","cute cartoon orange tabby cat standing on two legs wearing a blue and white striped t-shirt reading an open vintage book in cozy library, pixar 3d style, vertical 9:16|||cute cartoon orange tabby cat standing on two legs wearing a blue and white striped t-shirt looking out a bright window at a beautiful sunrise, pixar 3d style, vertical 9:16|||cute cartoon orange tabby cat standing on two legs wearing a blue and white striped t-shirt walking through a peaceful green park with blooming flowers, pixar 3d style, vertical 9:16|||cute cartoon orange tabby cat standing on two legs wearing a blue and white striped t-shirt smiling happily in front of a warm welcoming home, pixar 3d style, vertical 9:16"
239,Capolavoro Letterario 239,Honoré de Balzac,1879,Romanzo Psicologico,"Un viaggio straordinario attraverso le pagine di un'opera immortale, dove l'ingegno, il coraggio e la passione umana affrontano le prove più grandi. Ogni capitolo svela una lezione profonda sull'importanza dei legami autentici, della lealtà e della ricerca di un rifugio sicuro per l'anima. Custodisci la bellezza dei tuoi sogni con dedizione.","cute cartoon orange tabby cat standing on two legs wearing a blue and white striped t-shirt reading an open vintage book in cozy library, pixar 3d style, vertical 9:16|||cute cartoon orange tabby cat standing on two legs wearing a blue and white striped t-shirt looking out a bright window at a beautiful sunrise, pixar 3d style, vertical 9:16|||cute cartoon orange tabby cat standing on two legs wearing a blue and white striped t-shirt walking through a peaceful green park with blooming flowers, pixar 3d style, vertical 9:16|||cute cartoon orange tabby cat standing on two legs wearing a blue and white striped t-shirt smiling happily in front of a warm welcoming home, pixar 3d style, vertical 9:16"
240,Capolavoro Letterario 240,Ivan Turgenev,1880,Giallo d'Epoca,"Un viaggio straordinario attraverso le pagine di un'opera immortale, dove l'ingegno, il coraggio e la passione umana affrontano le prove più grandi. Ogni capitolo svela una lezione profonda sull'importanza dei legami autentici, della lealtà e della ricerca di un rifugio sicuro per l'anima. Custodisci la bellezza dei tuoi sogni con dedizione.","cute cartoon orange tabby cat standing on two legs wearing a blue and white striped t-shirt reading an open vintage book in cozy library, pixar 3d style, vertical 9:16|||cute cartoon orange tabby cat standing on two legs wearing a blue and white striped t-shirt looking out a bright window at a beautiful sunrise, pixar 3d style, vertical 9:16|||cute cartoon orange tabby cat standing on two legs wearing a blue and white striped t-shirt walking through a peaceful green park with blooming flowers, pixar 3d style, vertical 9:16|||cute cartoon orange tabby cat standing on two legs wearing a blue and white striped t-shirt smiling happily in front of a warm welcoming home, pixar 3d style, vertical 9:16"
241,Capolavoro Letterario 241,Jules Verne,1881,Epopea Marinara,"Un viaggio straordinario attraverso le pagine di un'opera immortale, dove l'ingegno, il coraggio e la passione umana affrontano le prove più grandi. Ogni capitolo svela una lezione profonda sull'importanza dei legami autentici, della lealtà e della ricerca di un rifugio sicuro per l'anima. Custodisci la bellezza dei tuoi sogni con dedizione.","cute cartoon orange tabby cat standing on two legs wearing a blue and white striped t-shirt reading an open vintage book in cozy library, pixar 3d style, vertical 9:16|||cute cartoon orange tabby cat standing on two legs wearing a blue and white striped t-shirt looking out a bright window at a beautiful sunrise, pixar 3d style, vertical 9:16|||cute cartoon orange tabby cat standing on two legs wearing a blue and white striped t-shirt walking through a peaceful green park with blooming flowers, pixar 3d style, vertical 9:16|||cute cartoon orange tabby cat standing on two legs wearing a blue and white striped t-shirt smiling happily in front of a warm welcoming home, pixar 3d style, vertical 9:16"
242,Capolavoro Letterario 242,Robert Louis Stevenson,1882,Romanzo di Formazione,"Un viaggio straordinario attraverso le pagine di un'opera immortale, dove l'ingegno, il coraggio e la passione umana affrontano le prove più grandi. Ogni capitolo svela una lezione profonda sull'importanza dei legami autentici, della lealtà e della ricerca di un rifugio sicuro per l'anima. Custodisci la bellezza dei tuoi sogni con dedizione.","cute cartoon orange tabby cat standing on two legs wearing a blue and white striped t-shirt reading an open vintage book in cozy library, pixar 3d style, vertical 9:16|||cute cartoon orange tabby cat standing on two legs wearing a blue and white striped t-shirt looking out a bright window at a beautiful sunrise, pixar 3d style, vertical 9:16|||cute cartoon orange tabby cat standing on two legs wearing a blue and white striped t-shirt walking through a peaceful green park with blooming flowers, pixar 3d style, vertical 9:16|||cute cartoon orange tabby cat standing on two legs wearing a blue and white striped t-shirt smiling happily in front of a warm welcoming home, pixar 3d style, vertical 9:16"
243,Capolavoro Letterario 243,Charles Dickens,1883,Gotico e Mistero,"Un viaggio straordinario attraverso le pagine di un'opera immortale, dove l'ingegno, il coraggio e la passione umana affrontano le prove più grandi. Ogni capitolo svela una lezione profonda sull'importanza dei legami autentici, della lealtà e della ricerca di un rifugio sicuro per l'anima. Custodisci la bellezza dei tuoi sogni con dedizione.","cute cartoon orange tabby cat standing on two legs wearing a blue and white striped t-shirt reading an open vintage book in cozy library, pixar 3d style, vertical 9:16|||cute cartoon orange tabby cat standing on two legs wearing a blue and white striped t-shirt looking out a bright window at a beautiful sunrise, pixar 3d style, vertical 9:16|||cute cartoon orange tabby cat standing on two legs wearing a blue and white striped t-shirt walking through a peaceful green park with blooming flowers, pixar 3d style, vertical 9:16|||cute cartoon orange tabby cat standing on two legs wearing a blue and white striped t-shirt smiling happily in front of a warm welcoming home, pixar 3d style, vertical 9:16"
244,Capolavoro Letterario 244,Alexandre Dumas,1884,Romanzo d'Avventura,"Un viaggio straordinario attraverso le pagine di un'opera immortale, dove l'ingegno, il coraggio e la passione umana affrontano le prove più grandi. Ogni capitolo svela una lezione profonda sull'importanza dei legami autentici, della lealtà e della ricerca di un rifugio sicuro per l'anima. Custodisci la bellezza dei tuoi sogni con dedizione.","cute cartoon orange tabby cat standing on two legs wearing a blue and white striped t-shirt reading an open vintage book in cozy library, pixar 3d style, vertical 9:16|||cute cartoon orange tabby cat standing on two legs wearing a blue and white striped t-shirt looking out a bright window at a beautiful sunrise, pixar 3d style, vertical 9:16|||cute cartoon orange tabby cat standing on two legs wearing a blue and white striped t-shirt walking through a peaceful green park with blooming flowers, pixar 3d style, vertical 9:16|||cute cartoon orange tabby cat standing on two legs wearing a blue and white striped t-shirt smiling happily in front of a warm welcoming home, pixar 3d style, vertical 9:16"
245,Capolavoro Letterario 245,Arthur Conan Doyle,1885,Classico della Letteratura,"Un viaggio straordinario attraverso le pagine di un'opera immortale, dove l'ingegno, il coraggio e la passione umana affrontano le prove più grandi. Ogni capitolo svela una lezione profonda sull'importanza dei legami autentici, della lealtà e della ricerca di un rifugio sicuro per l'anima. Custodisci la bellezza dei tuoi sogni con dedizione.","cute cartoon orange tabby cat standing on two legs wearing a blue and white striped t-shirt reading an open vintage book in cozy library, pixar 3d style, vertical 9:16|||cute cartoon orange tabby cat standing on two legs wearing a blue and white striped t-shirt looking out a bright window at a beautiful sunrise, pixar 3d style, vertical 9:16|||cute cartoon orange tabby cat standing on two legs wearing a blue and white striped t-shirt walking through a peaceful green park with blooming flowers, pixar 3d style, vertical 9:16|||cute cartoon orange tabby cat standing on two legs wearing a blue and white striped t-shirt smiling happily in front of a warm welcoming home, pixar 3d style, vertical 9:16"
246,Capolavoro Letterario 246,Herman Melville,1886,Romanzo Storico,"Un viaggio straordinario attraverso le pagine di un'opera immortale, dove l'ingegno, il coraggio e la passione umana affrontano le prove più grandi. Ogni capitolo svela una lezione profonda sull'importanza dei legami autentici, della lealtà e della ricerca di un rifugio sicuro per l'anima. Custodisci la bellezza dei tuoi sogni con dedizione.","cute cartoon orange tabby cat standing on two legs wearing a blue and white striped t-shirt reading an open vintage book in cozy library, pixar 3d style, vertical 9:16|||cute cartoon orange tabby cat standing on two legs wearing a blue and white striped t-shirt looking out a bright window at a beautiful sunrise, pixar 3d style, vertical 9:16|||cute cartoon orange tabby cat standing on two legs wearing a blue and white striped t-shirt walking through a peaceful green park with blooming flowers, pixar 3d style, vertical 9:16|||cute cartoon orange tabby cat standing on two legs wearing a blue and white striped t-shirt smiling happily in front of a warm welcoming home, pixar 3d style, vertical 9:16"
247,Capolavoro Letterario 247,Daniel Defoe,1887,Narrativa Fantastica,"Un viaggio straordinario attraverso le pagine di un'opera immortale, dove l'ingegno, il coraggio e la passione umana affrontano le prove più grandi. Ogni capitolo svela una lezione profonda sull'importanza dei legami autentici, della lealtà e della ricerca di un rifugio sicuro per l'anima. Custodisci la bellezza dei tuoi sogni con dedizione.","cute cartoon orange tabby cat standing on two legs wearing a blue and white striped t-shirt reading an open vintage book in cozy library, pixar 3d style, vertical 9:16|||cute cartoon orange tabby cat standing on two legs wearing a blue and white striped t-shirt looking out a bright window at a beautiful sunrise, pixar 3d style, vertical 9:16|||cute cartoon orange tabby cat standing on two legs wearing a blue and white striped t-shirt walking through a peaceful green park with blooming flowers, pixar 3d style, vertical 9:16|||cute cartoon orange tabby cat standing on two legs wearing a blue and white striped t-shirt smiling happily in front of a warm welcoming home, pixar 3d style, vertical 9:16"
248,Capolavoro Letterario 248,Jack London,1888,Romanzo Psicologico,"Un viaggio straordinario attraverso le pagine di un'opera immortale, dove l'ingegno, il coraggio e la passione umana affrontano le prove più grandi. Ogni capitolo svela una lezione profonda sull'importanza dei legami autentici, della lealtà e della ricerca di un rifugio sicuro per l'anima. Custodisci la bellezza dei tuoi sogni con dedizione.","cute cartoon orange tabby cat standing on two legs wearing a blue and white striped t-shirt reading an open vintage book in cozy library, pixar 3d style, vertical 9:16|||cute cartoon orange tabby cat standing on two legs wearing a blue and white striped t-shirt looking out a bright window at a beautiful sunrise, pixar 3d style, vertical 9:16|||cute cartoon orange tabby cat standing on two legs wearing a blue and white striped t-shirt walking through a peaceful green park with blooming flowers, pixar 3d style, vertical 9:16|||cute cartoon orange tabby cat standing on two legs wearing a blue and white striped t-shirt smiling happily in front of a warm welcoming home, pixar 3d style, vertical 9:16"
249,Capolavoro Letterario 249,Jane Austen,1889,Giallo d'Epoca,"Un viaggio straordinario attraverso le pagine di un'opera immortale, dove l'ingegno, il coraggio e la passione umana affrontano le prove più grandi. Ogni capitolo svela una lezione profonda sull'importanza dei legami autentici, della lealtà e della ricerca di un rifugio sicuro per l'anima. Custodisci la bellezza dei tuoi sogni con dedizione.","cute cartoon orange tabby cat standing on two legs wearing a blue and white striped t-shirt reading an open vintage book in cozy library, pixar 3d style, vertical 9:16|||cute cartoon orange tabby cat standing on two legs wearing a blue and white striped t-shirt looking out a bright window at a beautiful sunrise, pixar 3d style, vertical 9:16|||cute cartoon orange tabby cat standing on two legs wearing a blue and white striped t-shirt walking through a peaceful green park with blooming flowers, pixar 3d style, vertical 9:16|||cute cartoon orange tabby cat standing on two legs wearing a blue and white striped t-shirt smiling happily in front of a warm welcoming home, pixar 3d style, vertical 9:16"
250,Capolavoro Letterario 250,Mark Twain,1890,Epopea Marinara,"Un viaggio straordinario attraverso le pagine di un'opera immortale, dove l'ingegno, il coraggio e la passione umana affrontano le prove più grandi. Ogni capitolo svela una lezione profonda sull'importanza dei legami autentici, della lealtà e della ricerca di un rifugio sicuro per l'anima. Custodisci la bellezza dei tuoi sogni con dedizione.","cute cartoon orange tabby cat standing on two legs wearing a blue and white striped t-shirt reading an open vintage book in cozy library, pixar 3d style, vertical 9:16|||cute cartoon orange tabby cat standing on two legs wearing a blue and white striped t-shirt looking out a bright window at a beautiful sunrise, pixar 3d style, vertical 9:16|||cute cartoon orange tabby cat standing on two legs wearing a blue and white striped t-shirt walking through a peaceful green park with blooming flowers, pixar 3d style, vertical 9:16|||cute cartoon orange tabby cat standing on two legs wearing a blue and white striped t-shirt smiling happily in front of a warm welcoming home, pixar 3d style, vertical 9:16"
251,Capolavoro Letterario 251,Edgar Allan Poe,1891,Romanzo di Formazione,"Un viaggio straordinario attraverso le pagine di un'opera immortale, dove l'ingegno, il coraggio e la passione umana affrontano le prove più grandi. Ogni capitolo svela una lezione profonda sull'importanza dei legami autentici, della lealtà e della ricerca di un rifugio sicuro per l'anima. Custodisci la bellezza dei tuoi sogni con dedizione.","cute cartoon orange tabby cat standing on two legs wearing a blue and white striped t-shirt reading an open vintage book in cozy library, pixar 3d style, vertical 9:16|||cute cartoon orange tabby cat standing on two legs wearing a blue and white striped t-shirt looking out a bright window at a beautiful sunrise, pixar 3d style, vertical 9:16|||cute cartoon orange tabby cat standing on two legs wearing a blue and white striped t-shirt walking through a peaceful green park with blooming flowers, pixar 3d style, vertical 9:16|||cute cartoon orange tabby cat standing on two legs wearing a blue and white striped t-shirt smiling happily in front of a warm welcoming home, pixar 3d style, vertical 9:16"
252,Capolavoro Letterario 252,Oscar Wilde,1892,Gotico e Mistero,"Un viaggio straordinario attraverso le pagine di un'opera immortale, dove l'ingegno, il coraggio e la passione umana affrontano le prove più grandi. Ogni capitolo svela una lezione profonda sull'importanza dei legami autentici, della lealtà e della ricerca di un rifugio sicuro per l'anima. Custodisci la bellezza dei tuoi sogni con dedizione.","cute cartoon orange tabby cat standing on two legs wearing a blue and white striped t-shirt reading an open vintage book in cozy library, pixar 3d style, vertical 9:16|||cute cartoon orange tabby cat standing on two legs wearing a blue and white striped t-shirt looking out a bright window at a beautiful sunrise, pixar 3d style, vertical 9:16|||cute cartoon orange tabby cat standing on two legs wearing a blue and white striped t-shirt walking through a peaceful green park with blooming flowers, pixar 3d style, vertical 9:16|||cute cartoon orange tabby cat standing on two legs wearing a blue and white striped t-shirt smiling happily in front of a warm welcoming home, pixar 3d style, vertical 9:16"
253,Capolavoro Letterario 253,Emily Brontë,1893,Romanzo d'Avventura,"Un viaggio straordinario attraverso le pagine di un'opera immortale, dove l'ingegno, il coraggio e la passione umana affrontano le prove più grandi. Ogni capitolo svela una lezione profonda sull'importanza dei legami autentici, della lealtà e della ricerca di un rifugio sicuro per l'anima. Custodisci la bellezza dei tuoi sogni con dedizione.","cute cartoon orange tabby cat standing on two legs wearing a blue and white striped t-shirt reading an open vintage book in cozy library, pixar 3d style, vertical 9:16|||cute cartoon orange tabby cat standing on two legs wearing a blue and white striped t-shirt looking out a bright window at a beautiful sunrise, pixar 3d style, vertical 9:16|||cute cartoon orange tabby cat standing on two legs wearing a blue and white striped t-shirt walking through a peaceful green park with blooming flowers, pixar 3d style, vertical 9:16|||cute cartoon orange tabby cat standing on two legs wearing a blue and white striped t-shirt smiling happily in front of a warm welcoming home, pixar 3d style, vertical 9:16"
254,Capolavoro Letterario 254,Charlotte Brontë,1894,Classico della Letteratura,"Un viaggio straordinario attraverso le pagine di un'opera immortale, dove l'ingegno, il coraggio e la passione umana affrontano le prove più grandi. Ogni capitolo svela una lezione profonda sull'importanza dei legami autentici, della lealtà e della ricerca di un rifugio sicuro per l'anima. Custodisci la bellezza dei tuoi sogni con dedizione.","cute cartoon orange tabby cat standing on two legs wearing a blue and white striped t-shirt reading an open vintage book in cozy library, pixar 3d style, vertical 9:16|||cute cartoon orange tabby cat standing on two legs wearing a blue and white striped t-shirt looking out a bright window at a beautiful sunrise, pixar 3d style, vertical 9:16|||cute cartoon orange tabby cat standing on two legs wearing a blue and white striped t-shirt walking through a peaceful green park with blooming flowers, pixar 3d style, vertical 9:16|||cute cartoon orange tabby cat standing on two legs wearing a blue and white striped t-shirt smiling happily in front of a warm welcoming home, pixar 3d style, vertical 9:16"
255,Capolavoro Letterario 255,Lev Tolstoj,1895,Romanzo Storico,"Un viaggio straordinario attraverso le pagine di un'opera immortale, dove l'ingegno, il coraggio e la passione umana affrontano le prove più grandi. Ogni capitolo svela una lezione profonda sull'importanza dei legami autentici, della lealtà e della ricerca di un rifugio sicuro per l'anima. Custodisci la bellezza dei tuoi sogni con dedizione.","cute cartoon orange tabby cat standing on two legs wearing a blue and white striped t-shirt reading an open vintage book in cozy library, pixar 3d style, vertical 9:16|||cute cartoon orange tabby cat standing on two legs wearing a blue and white striped t-shirt looking out a bright window at a beautiful sunrise, pixar 3d style, vertical 9:16|||cute cartoon orange tabby cat standing on two legs wearing a blue and white striped t-shirt walking through a peaceful green park with blooming flowers, pixar 3d style, vertical 9:16|||cute cartoon orange tabby cat standing on two legs wearing a blue and white striped t-shirt smiling happily in front of a warm welcoming home, pixar 3d style, vertical 9:16"
256,Capolavoro Letterario 256,Fëdor Dostoevskij,1896,Narrativa Fantastica,"Un viaggio straordinario attraverso le pagine di un'opera immortale, dove l'ingegno, il coraggio e la passione umana affrontano le prove più grandi. Ogni capitolo svela una lezione profonda sull'importanza dei legami autentici, della lealtà e della ricerca di un rifugio sicuro per l'anima. Custodisci la bellezza dei tuoi sogni con dedizione.","cute cartoon orange tabby cat standing on two legs wearing a blue and white striped t-shirt reading an open vintage book in cozy library, pixar 3d style, vertical 9:16|||cute cartoon orange tabby cat standing on two legs wearing a blue and white striped t-shirt looking out a bright window at a beautiful sunrise, pixar 3d style, vertical 9:16|||cute cartoon orange tabby cat standing on two legs wearing a blue and white striped t-shirt walking through a peaceful green park with blooming flowers, pixar 3d style, vertical 9:16|||cute cartoon orange tabby cat standing on two legs wearing a blue and white striped t-shirt smiling happily in front of a warm welcoming home, pixar 3d style, vertical 9:16"
257,Capolavoro Letterario 257,Victor Hugo,1897,Romanzo Psicologico,"Un viaggio straordinario attraverso le pagine di un'opera immortale, dove l'ingegno, il coraggio e la passione umana affrontano le prove più grandi. Ogni capitolo svela una lezione profonda sull'importanza dei legami autentici, della lealtà e della ricerca di un rifugio sicuro per l'anima. Custodisci la bellezza dei tuoi sogni con dedizione.","cute cartoon orange tabby cat standing on two legs wearing a blue and white striped t-shirt reading an open vintage book in cozy library, pixar 3d style, vertical 9:16|||cute cartoon orange tabby cat standing on two legs wearing a blue and white striped t-shirt looking out a bright window at a beautiful sunrise, pixar 3d style, vertical 9:16|||cute cartoon orange tabby cat standing on two legs wearing a blue and white striped t-shirt walking through a peaceful green park with blooming flowers, pixar 3d style, vertical 9:16|||cute cartoon orange tabby cat standing on two legs wearing a blue and white striped t-shirt smiling happily in front of a warm welcoming home, pixar 3d style, vertical 9:16"
258,Capolavoro Letterario 258,Stendhal,1898,Giallo d'Epoca,"Un viaggio straordinario attraverso le pagine di un'opera immortale, dove l'ingegno, il coraggio e la passione umana affrontano le prove più grandi. Ogni capitolo svela una lezione profonda sull'importanza dei legami autentici, della lealtà e della ricerca di un rifugio sicuro per l'anima. Custodisci la bellezza dei tuoi sogni con dedizione.","cute cartoon orange tabby cat standing on two legs wearing a blue and white striped t-shirt reading an open vintage book in cozy library, pixar 3d style, vertical 9:16|||cute cartoon orange tabby cat standing on two legs wearing a blue and white striped t-shirt looking out a bright window at a beautiful sunrise, pixar 3d style, vertical 9:16|||cute cartoon orange tabby cat standing on two legs wearing a blue and white striped t-shirt walking through a peaceful green park with blooming flowers, pixar 3d style, vertical 9:16|||cute cartoon orange tabby cat standing on two legs wearing a blue and white striped t-shirt smiling happily in front of a warm welcoming home, pixar 3d style, vertical 9:16"
259,Capolavoro Letterario 259,Honoré de Balzac,1899,Epopea Marinara,"Un viaggio straordinario attraverso le pagine di un'opera immortale, dove l'ingegno, il coraggio e la passione umana affrontano le prove più grandi. Ogni capitolo svela una lezione profonda sull'importanza dei legami autentici, della lealtà e della ricerca di un rifugio sicuro per l'anima. Custodisci la bellezza dei tuoi sogni con dedizione.","cute cartoon orange tabby cat standing on two legs wearing a blue and white striped t-shirt reading an open vintage book in cozy library, pixar 3d style, vertical 9:16|||cute cartoon orange tabby cat standing on two legs wearing a blue and white striped t-shirt looking out a bright window at a beautiful sunrise, pixar 3d style, vertical 9:16|||cute cartoon orange tabby cat standing on two legs wearing a blue and white striped t-shirt walking through a peaceful green park with blooming flowers, pixar 3d style, vertical 9:16|||cute cartoon orange tabby cat standing on two legs wearing a blue and white striped t-shirt smiling happily in front of a warm welcoming home, pixar 3d style, vertical 9:16"
260,Capolavoro Letterario 260,Ivan Turgenev,1900,Romanzo di Formazione,"Un viaggio straordinario attraverso le pagine di un'opera immortale, dove l'ingegno, il coraggio e la passione umana affrontano le prove più grandi. Ogni capitolo svela una lezione profonda sull'importanza dei legami autentici, della lealtà e della ricerca di un rifugio sicuro per l'anima. Custodisci la bellezza dei tuoi sogni con dedizione.","cute cartoon orange tabby cat standing on two legs wearing a blue and white striped t-shirt reading an open vintage book in cozy library, pixar 3d style, vertical 9:16|||cute cartoon orange tabby cat standing on two legs wearing a blue and white striped t-shirt looking out a bright window at a beautiful sunrise, pixar 3d style, vertical 9:16|||cute cartoon orange tabby cat standing on two legs wearing a blue and white striped t-shirt walking through a peaceful green park with blooming flowers, pixar 3d style, vertical 9:16|||cute cartoon orange tabby cat standing on two legs wearing a blue and white striped t-shirt smiling happily in front of a warm welcoming home, pixar 3d style, vertical 9:16"
261,Capolavoro Letterario 261,Jules Verne,1901,Gotico e Mistero,"Un viaggio straordinario attraverso le pagine di un'opera immortale, dove l'ingegno, il coraggio e la passione umana affrontano le prove più grandi. Ogni capitolo svela una lezione profonda sull'importanza dei legami autentici, della lealtà e della ricerca di un rifugio sicuro per l'anima. Custodisci la bellezza dei tuoi sogni con dedizione.","cute cartoon orange tabby cat standing on two legs wearing a blue and white striped t-shirt reading an open vintage book in cozy library, pixar 3d style, vertical 9:16|||cute cartoon orange tabby cat standing on two legs wearing a blue and white striped t-shirt looking out a bright window at a beautiful sunrise, pixar 3d style, vertical 9:16|||cute cartoon orange tabby cat standing on two legs wearing a blue and white striped t-shirt walking through a peaceful green park with blooming flowers, pixar 3d style, vertical 9:16|||cute cartoon orange tabby cat standing on two legs wearing a blue and white striped t-shirt smiling happily in front of a warm welcoming home, pixar 3d style, vertical 9:16"
262,Capolavoro Letterario 262,Robert Louis Stevenson,1902,Romanzo d'Avventura,"Un viaggio straordinario attraverso le pagine di un'opera immortale, dove l'ingegno, il coraggio e la passione umana affrontano le prove più grandi. Ogni capitolo svela una lezione profonda sull'importanza dei legami autentici, della lealtà e della ricerca di un rifugio sicuro per l'anima. Custodisci la bellezza dei tuoi sogni con dedizione.","cute cartoon orange tabby cat standing on two legs wearing a blue and white striped t-shirt reading an open vintage book in cozy library, pixar 3d style, vertical 9:16|||cute cartoon orange tabby cat standing on two legs wearing a blue and white striped t-shirt looking out a bright window at a beautiful sunrise, pixar 3d style, vertical 9:16|||cute cartoon orange tabby cat standing on two legs wearing a blue and white striped t-shirt walking through a peaceful green park with blooming flowers, pixar 3d style, vertical 9:16|||cute cartoon orange tabby cat standing on two legs wearing a blue and white striped t-shirt smiling happily in front of a warm welcoming home, pixar 3d style, vertical 9:16"
263,Capolavoro Letterario 263,Charles Dickens,1903,Classico della Letteratura,"Un viaggio straordinario attraverso le pagine di un'opera immortale, dove l'ingegno, il coraggio e la passione umana affrontano le prove più grandi. Ogni capitolo svela una lezione profonda sull'importanza dei legami autentici, della lealtà e della ricerca di un rifugio sicuro per l'anima. Custodisci la bellezza dei tuoi sogni con dedizione.","cute cartoon orange tabby cat standing on two legs wearing a blue and white striped t-shirt reading an open vintage book in cozy library, pixar 3d style, vertical 9:16|||cute cartoon orange tabby cat standing on two legs wearing a blue and white striped t-shirt looking out a bright window at a beautiful sunrise, pixar 3d style, vertical 9:16|||cute cartoon orange tabby cat standing on two legs wearing a blue and white striped t-shirt walking through a peaceful green park with blooming flowers, pixar 3d style, vertical 9:16|||cute cartoon orange tabby cat standing on two legs wearing a blue and white striped t-shirt smiling happily in front of a warm welcoming home, pixar 3d style, vertical 9:16"
264,Capolavoro Letterario 264,Alexandre Dumas,1904,Romanzo Storico,"Un viaggio straordinario attraverso le pagine di un'opera immortale, dove l'ingegno, il coraggio e la passione umana affrontano le prove più grandi. Ogni capitolo svela una lezione profonda sull'importanza dei legami autentici, della lealtà e della ricerca di un rifugio sicuro per l'anima. Custodisci la bellezza dei tuoi sogni con dedizione.","cute cartoon orange tabby cat standing on two legs wearing a blue and white striped t-shirt reading an open vintage book in cozy library, pixar 3d style, vertical 9:16|||cute cartoon orange tabby cat standing on two legs wearing a blue and white striped t-shirt looking out a bright window at a beautiful sunrise, pixar 3d style, vertical 9:16|||cute cartoon orange tabby cat standing on two legs wearing a blue and white striped t-shirt walking through a peaceful green park with blooming flowers, pixar 3d style, vertical 9:16|||cute cartoon orange tabby cat standing on two legs wearing a blue and white striped t-shirt smiling happily in front of a warm welcoming home, pixar 3d style, vertical 9:16"
265,Capolavoro Letterario 265,Arthur Conan Doyle,1905,Narrativa Fantastica,"Un viaggio straordinario attraverso le pagine di un'opera immortale, dove l'ingegno, il coraggio e la passione umana affrontano le prove più grandi. Ogni capitolo svela una lezione profonda sull'importanza dei legami autentici, della lealtà e della ricerca di un rifugio sicuro per l'anima. Custodisci la bellezza dei tuoi sogni con dedizione.","cute cartoon orange tabby cat standing on two legs wearing a blue and white striped t-shirt reading an open vintage book in cozy library, pixar 3d style, vertical 9:16|||cute cartoon orange tabby cat standing on two legs wearing a blue and white striped t-shirt looking out a bright window at a beautiful sunrise, pixar 3d style, vertical 9:16|||cute cartoon orange tabby cat standing on two legs wearing a blue and white striped t-shirt walking through a peaceful green park with blooming flowers, pixar 3d style, vertical 9:16|||cute cartoon orange tabby cat standing on two legs wearing a blue and white striped t-shirt smiling happily in front of a warm welcoming home, pixar 3d style, vertical 9:16"
266,Capolavoro Letterario 266,Herman Melville,1906,Romanzo Psicologico,"Un viaggio straordinario attraverso le pagine di un'opera immortale, dove l'ingegno, il coraggio e la passione umana affrontano le prove più grandi. Ogni capitolo svela una lezione profonda sull'importanza dei legami autentici, della lealtà e della ricerca di un rifugio sicuro per l'anima. Custodisci la bellezza dei tuoi sogni con dedizione.","cute cartoon orange tabby cat standing on two legs wearing a blue and white striped t-shirt reading an open vintage book in cozy library, pixar 3d style, vertical 9:16|||cute cartoon orange tabby cat standing on two legs wearing a blue and white striped t-shirt looking out a bright window at a beautiful sunrise, pixar 3d style, vertical 9:16|||cute cartoon orange tabby cat standing on two legs wearing a blue and white striped t-shirt walking through a peaceful green park with blooming flowers, pixar 3d style, vertical 9:16|||cute cartoon orange tabby cat standing on two legs wearing a blue and white striped t-shirt smiling happily in front of a warm welcoming home, pixar 3d style, vertical 9:16"
267,Capolavoro Letterario 267,Daniel Defoe,1907,Giallo d'Epoca,"Un viaggio straordinario attraverso le pagine di un'opera immortale, dove l'ingegno, il coraggio e la passione umana affrontano le prove più grandi. Ogni capitolo svela una lezione profonda sull'importanza dei legami autentici, della lealtà e della ricerca di un rifugio sicuro per l'anima. Custodisci la bellezza dei tuoi sogni con dedizione.","cute cartoon orange tabby cat standing on two legs wearing a blue and white striped t-shirt reading an open vintage book in cozy library, pixar 3d style, vertical 9:16|||cute cartoon orange tabby cat standing on two legs wearing a blue and white striped t-shirt looking out a bright window at a beautiful sunrise, pixar 3d style, vertical 9:16|||cute cartoon orange tabby cat standing on two legs wearing a blue and white striped t-shirt walking through a peaceful green park with blooming flowers, pixar 3d style, vertical 9:16|||cute cartoon orange tabby cat standing on two legs wearing a blue and white striped t-shirt smiling happily in front of a warm welcoming home, pixar 3d style, vertical 9:16"
268,Capolavoro Letterario 268,Jack London,1908,Epopea Marinara,"Un viaggio straordinario attraverso le pagine di un'opera immortale, dove l'ingegno, il coraggio e la passione umana affrontano le prove più grandi. Ogni capitolo svela una lezione profonda sull'importanza dei legami autentici, della lealtà e della ricerca di un rifugio sicuro per l'anima. Custodisci la bellezza dei tuoi sogni con dedizione.","cute cartoon orange tabby cat standing on two legs wearing a blue and white striped t-shirt reading an open vintage book in cozy library, pixar 3d style, vertical 9:16|||cute cartoon orange tabby cat standing on two legs wearing a blue and white striped t-shirt looking out a bright window at a beautiful sunrise, pixar 3d style, vertical 9:16|||cute cartoon orange tabby cat standing on two legs wearing a blue and white striped t-shirt walking through a peaceful green park with blooming flowers, pixar 3d style, vertical 9:16|||cute cartoon orange tabby cat standing on two legs wearing a blue and white striped t-shirt smiling happily in front of a warm welcoming home, pixar 3d style, vertical 9:16"
269,Capolavoro Letterario 269,Jane Austen,1909,Romanzo di Formazione,"Un viaggio straordinario attraverso le pagine di un'opera immortale, dove l'ingegno, il coraggio e la passione umana affrontano le prove più grandi. Ogni capitolo svela una lezione profonda sull'importanza dei legami autentici, della lealtà e della ricerca di un rifugio sicuro per l'anima. Custodisci la bellezza dei tuoi sogni con dedizione.","cute cartoon orange tabby cat standing on two legs wearing a blue and white striped t-shirt reading an open vintage book in cozy library, pixar 3d style, vertical 9:16|||cute cartoon orange tabby cat standing on two legs wearing a blue and white striped t-shirt looking out a bright window at a beautiful sunrise, pixar 3d style, vertical 9:16|||cute cartoon orange tabby cat standing on two legs wearing a blue and white striped t-shirt walking through a peaceful green park with blooming flowers, pixar 3d style, vertical 9:16|||cute cartoon orange tabby cat standing on two legs wearing a blue and white striped t-shirt smiling happily in front of a warm welcoming home, pixar 3d style, vertical 9:16"
270,Capolavoro Letterario 270,Mark Twain,1820,Gotico e Mistero,"Un viaggio straordinario attraverso le pagine di un'opera immortale, dove l'ingegno, il coraggio e la passione umana affrontano le prove più grandi. Ogni capitolo svela una lezione profonda sull'importanza dei legami autentici, della lealtà e della ricerca di un rifugio sicuro per l'anima. Custodisci la bellezza dei tuoi sogni con dedizione.","cute cartoon orange tabby cat standing on two legs wearing a blue and white striped t-shirt reading an open vintage book in cozy library, pixar 3d style, vertical 9:16|||cute cartoon orange tabby cat standing on two legs wearing a blue and white striped t-shirt looking out a bright window at a beautiful sunrise, pixar 3d style, vertical 9:16|||cute cartoon orange tabby cat standing on two legs wearing a blue and white striped t-shirt walking through a peaceful green park with blooming flowers, pixar 3d style, vertical 9:16|||cute cartoon orange tabby cat standing on two legs wearing a blue and white striped t-shirt smiling happily in front of a warm welcoming home, pixar 3d style, vertical 9:16"
271,Capolavoro Letterario 271,Edgar Allan Poe,1821,Romanzo d'Avventura,"Un viaggio straordinario attraverso le pagine di un'opera immortale, dove l'ingegno, il coraggio e la passione umana affrontano le prove più grandi. Ogni capitolo svela una lezione profonda sull'importanza dei legami autentici, della lealtà e della ricerca di un rifugio sicuro per l'anima. Custodisci la bellezza dei tuoi sogni con dedizione.","cute cartoon orange tabby cat standing on two legs wearing a blue and white striped t-shirt reading an open vintage book in cozy library, pixar 3d style, vertical 9:16|||cute cartoon orange tabby cat standing on two legs wearing a blue and white striped t-shirt looking out a bright window at a beautiful sunrise, pixar 3d style, vertical 9:16|||cute cartoon orange tabby cat standing on two legs wearing a blue and white striped t-shirt walking through a peaceful green park with blooming flowers, pixar 3d style, vertical 9:16|||cute cartoon orange tabby cat standing on two legs wearing a blue and white striped t-shirt smiling happily in front of a warm welcoming home, pixar 3d style, vertical 9:16"
272,Capolavoro Letterario 272,Oscar Wilde,1822,Classico della Letteratura,"Un viaggio straordinario attraverso le pagine di un'opera immortale, dove l'ingegno, il coraggio e la passione umana affrontano le prove più grandi. Ogni capitolo svela una lezione profonda sull'importanza dei legami autentici, della lealtà e della ricerca di un rifugio sicuro per l'anima. Custodisci la bellezza dei tuoi sogni con dedizione.","cute cartoon orange tabby cat standing on two legs wearing a blue and white striped t-shirt reading an open vintage book in cozy library, pixar 3d style, vertical 9:16|||cute cartoon orange tabby cat standing on two legs wearing a blue and white striped t-shirt looking out a bright window at a beautiful sunrise, pixar 3d style, vertical 9:16|||cute cartoon orange tabby cat standing on two legs wearing a blue and white striped t-shirt walking through a peaceful green park with blooming flowers, pixar 3d style, vertical 9:16|||cute cartoon orange tabby cat standing on two legs wearing a blue and white striped t-shirt smiling happily in front of a warm welcoming home, pixar 3d style, vertical 9:16"
273,Capolavoro Letterario 273,Emily Brontë,1823,Romanzo Storico,"Un viaggio straordinario attraverso le pagine di un'opera immortale, dove l'ingegno, il coraggio e la passione umana affrontano le prove più grandi. Ogni capitolo svela una lezione profonda sull'importanza dei legami autentici, della lealtà e della ricerca di un rifugio sicuro per l'anima. Custodisci la bellezza dei tuoi sogni con dedizione.","cute cartoon orange tabby cat standing on two legs wearing a blue and white striped t-shirt reading an open vintage book in cozy library, pixar 3d style, vertical 9:16|||cute cartoon orange tabby cat standing on two legs wearing a blue and white striped t-shirt looking out a bright window at a beautiful sunrise, pixar 3d style, vertical 9:16|||cute cartoon orange tabby cat standing on two legs wearing a blue and white striped t-shirt walking through a peaceful green park with blooming flowers, pixar 3d style, vertical 9:16|||cute cartoon orange tabby cat standing on two legs wearing a blue and white striped t-shirt smiling happily in front of a warm welcoming home, pixar 3d style, vertical 9:16"
274,Capolavoro Letterario 274,Charlotte Brontë,1824,Narrativa Fantastica,"Un viaggio straordinario attraverso le pagine di un'opera immortale, dove l'ingegno, il coraggio e la passione umana affrontano le prove più grandi. Ogni capitolo svela una lezione profonda sull'importanza dei legami autentici, della lealtà e della ricerca di un rifugio sicuro per l'anima. Custodisci la bellezza dei tuoi sogni con dedizione.","cute cartoon orange tabby cat standing on two legs wearing a blue and white striped t-shirt reading an open vintage book in cozy library, pixar 3d style, vertical 9:16|||cute cartoon orange tabby cat standing on two legs wearing a blue and white striped t-shirt looking out a bright window at a beautiful sunrise, pixar 3d style, vertical 9:16|||cute cartoon orange tabby cat standing on two legs wearing a blue and white striped t-shirt walking through a peaceful green park with blooming flowers, pixar 3d style, vertical 9:16|||cute cartoon orange tabby cat standing on two legs wearing a blue and white striped t-shirt smiling happily in front of a warm welcoming home, pixar 3d style, vertical 9:16"
275,Capolavoro Letterario 275,Lev Tolstoj,1825,Romanzo Psicologico,"Un viaggio straordinario attraverso le pagine di un'opera immortale, dove l'ingegno, il coraggio e la passione umana affrontano le prove più grandi. Ogni capitolo svela una lezione profonda sull'importanza dei legami autentici, della lealtà e della ricerca di un rifugio sicuro per l'anima. Custodisci la bellezza dei tuoi sogni con dedizione.","cute cartoon orange tabby cat standing on two legs wearing a blue and white striped t-shirt reading an open vintage book in cozy library, pixar 3d style, vertical 9:16|||cute cartoon orange tabby cat standing on two legs wearing a blue and white striped t-shirt looking out a bright window at a beautiful sunrise, pixar 3d style, vertical 9:16|||cute cartoon orange tabby cat standing on two legs wearing a blue and white striped t-shirt walking through a peaceful green park with blooming flowers, pixar 3d style, vertical 9:16|||cute cartoon orange tabby cat standing on two legs wearing a blue and white striped t-shirt smiling happily in front of a warm welcoming home, pixar 3d style, vertical 9:16"
276,Capolavoro Letterario 276,Fëdor Dostoevskij,1826,Giallo d'Epoca,"Un viaggio straordinario attraverso le pagine di un'opera immortale, dove l'ingegno, il coraggio e la passione umana affrontano le prove più grandi. Ogni capitolo svela una lezione profonda sull'importanza dei legami autentici, della lealtà e della ricerca di un rifugio sicuro per l'anima. Custodisci la bellezza dei tuoi sogni con dedizione.","cute cartoon orange tabby cat standing on two legs wearing a blue and white striped t-shirt reading an open vintage book in cozy library, pixar 3d style, vertical 9:16|||cute cartoon orange tabby cat standing on two legs wearing a blue and white striped t-shirt looking out a bright window at a beautiful sunrise, pixar 3d style, vertical 9:16|||cute cartoon orange tabby cat standing on two legs wearing a blue and white striped t-shirt walking through a peaceful green park with blooming flowers, pixar 3d style, vertical 9:16|||cute cartoon orange tabby cat standing on two legs wearing a blue and white striped t-shirt smiling happily in front of a warm welcoming home, pixar 3d style, vertical 9:16"
277,Capolavoro Letterario 277,Victor Hugo,1827,Epopea Marinara,"Un viaggio straordinario attraverso le pagine di un'opera immortale, dove l'ingegno, il coraggio e la passione umana affrontano le prove più grandi. Ogni capitolo svela una lezione profonda sull'importanza dei legami autentici, della lealtà e della ricerca di un rifugio sicuro per l'anima. Custodisci la bellezza dei tuoi sogni con dedizione.","cute cartoon orange tabby cat standing on two legs wearing a blue and white striped t-shirt reading an open vintage book in cozy library, pixar 3d style, vertical 9:16|||cute cartoon orange tabby cat standing on two legs wearing a blue and white striped t-shirt looking out a bright window at a beautiful sunrise, pixar 3d style, vertical 9:16|||cute cartoon orange tabby cat standing on two legs wearing a blue and white striped t-shirt walking through a peaceful green park with blooming flowers, pixar 3d style, vertical 9:16|||cute cartoon orange tabby cat standing on two legs wearing a blue and white striped t-shirt smiling happily in front of a warm welcoming home, pixar 3d style, vertical 9:16"
278,Capolavoro Letterario 278,Stendhal,1828,Romanzo di Formazione,"Un viaggio straordinario attraverso le pagine di un'opera immortale, dove l'ingegno, il coraggio e la passione umana affrontano le prove più grandi. Ogni capitolo svela una lezione profonda sull'importanza dei legami autentici, della lealtà e della ricerca di un rifugio sicuro per l'anima. Custodisci la bellezza dei tuoi sogni con dedizione.","cute cartoon orange tabby cat standing on two legs wearing a blue and white striped t-shirt reading an open vintage book in cozy library, pixar 3d style, vertical 9:16|||cute cartoon orange tabby cat standing on two legs wearing a blue and white striped t-shirt looking out a bright window at a beautiful sunrise, pixar 3d style, vertical 9:16|||cute cartoon orange tabby cat standing on two legs wearing a blue and white striped t-shirt walking through a peaceful green park with blooming flowers, pixar 3d style, vertical 9:16|||cute cartoon orange tabby cat standing on two legs wearing a blue and white striped t-shirt smiling happily in front of a warm welcoming home, pixar 3d style, vertical 9:16"
279,Capolavoro Letterario 279,Honoré de Balzac,1829,Gotico e Mistero,"Un viaggio straordinario attraverso le pagine di un'opera immortale, dove l'ingegno, il coraggio e la passione umana affrontano le prove più grandi. Ogni capitolo svela una lezione profonda sull'importanza dei legami autentici, della lealtà e della ricerca di un rifugio sicuro per l'anima. Custodisci la bellezza dei tuoi sogni con dedizione.","cute cartoon orange tabby cat standing on two legs wearing a blue and white striped t-shirt reading an open vintage book in cozy library, pixar 3d style, vertical 9:16|||cute cartoon orange tabby cat standing on two legs wearing a blue and white striped t-shirt looking out a bright window at a beautiful sunrise, pixar 3d style, vertical 9:16|||cute cartoon orange tabby cat standing on two legs wearing a blue and white striped t-shirt walking through a peaceful green park with blooming flowers, pixar 3d style, vertical 9:16|||cute cartoon orange tabby cat standing on two legs wearing a blue and white striped t-shirt smiling happily in front of a warm welcoming home, pixar 3d style, vertical 9:16"
280,Capolavoro Letterario 280,Ivan Turgenev,1830,Romanzo d'Avventura,"Un viaggio straordinario attraverso le pagine di un'opera immortale, dove l'ingegno, il coraggio e la passione umana affrontano le prove più grandi. Ogni capitolo svela una lezione profonda sull'importanza dei legami autentici, della lealtà e della ricerca di un rifugio sicuro per l'anima. Custodisci la bellezza dei tuoi sogni con dedizione.","cute cartoon orange tabby cat standing on two legs wearing a blue and white striped t-shirt reading an open vintage book in cozy library, pixar 3d style, vertical 9:16|||cute cartoon orange tabby cat standing on two legs wearing a blue and white striped t-shirt looking out a bright window at a beautiful sunrise, pixar 3d style, vertical 9:16|||cute cartoon orange tabby cat standing on two legs wearing a blue and white striped t-shirt walking through a peaceful green park with blooming flowers, pixar 3d style, vertical 9:16|||cute cartoon orange tabby cat standing on two legs wearing a blue and white striped t-shirt smiling happily in front of a warm welcoming home, pixar 3d style, vertical 9:16"
281,Capolavoro Letterario 281,Jules Verne,1831,Classico della Letteratura,"Un viaggio straordinario attraverso le pagine di un'opera immortale, dove l'ingegno, il coraggio e la passione umana affrontano le prove più grandi. Ogni capitolo svela una lezione profonda sull'importanza dei legami autentici, della lealtà e della ricerca di un rifugio sicuro per l'anima. Custodisci la bellezza dei tuoi sogni con dedizione.","cute cartoon orange tabby cat standing on two legs wearing a blue and white striped t-shirt reading an open vintage book in cozy library, pixar 3d style, vertical 9:16|||cute cartoon orange tabby cat standing on two legs wearing a blue and white striped t-shirt looking out a bright window at a beautiful sunrise, pixar 3d style, vertical 9:16|||cute cartoon orange tabby cat standing on two legs wearing a blue and white striped t-shirt walking through a peaceful green park with blooming flowers, pixar 3d style, vertical 9:16|||cute cartoon orange tabby cat standing on two legs wearing a blue and white striped t-shirt smiling happily in front of a warm welcoming home, pixar 3d style, vertical 9:16"
282,Capolavoro Letterario 282,Robert Louis Stevenson,1832,Romanzo Storico,"Un viaggio straordinario attraverso le pagine di un'opera immortale, dove l'ingegno, il coraggio e la passione umana affrontano le prove più grandi. Ogni capitolo svela una lezione profonda sull'importanza dei legami autentici, della lealtà e della ricerca di un rifugio sicuro per l'anima. Custodisci la bellezza dei tuoi sogni con dedizione.","cute cartoon orange tabby cat standing on two legs wearing a blue and white striped t-shirt reading an open vintage book in cozy library, pixar 3d style, vertical 9:16|||cute cartoon orange tabby cat standing on two legs wearing a blue and white striped t-shirt looking out a bright window at a beautiful sunrise, pixar 3d style, vertical 9:16|||cute cartoon orange tabby cat standing on two legs wearing a blue and white striped t-shirt walking through a peaceful green park with blooming flowers, pixar 3d style, vertical 9:16|||cute cartoon orange tabby cat standing on two legs wearing a blue and white striped t-shirt smiling happily in front of a warm welcoming home, pixar 3d style, vertical 9:16"
283,Capolavoro Letterario 283,Charles Dickens,1833,Narrativa Fantastica,"Un viaggio straordinario attraverso le pagine di un'opera immortale, dove l'ingegno, il coraggio e la passione umana affrontano le prove più grandi. Ogni capitolo svela una lezione profonda sull'importanza dei legami autentici, della lealtà e della ricerca di un rifugio sicuro per l'anima. Custodisci la bellezza dei tuoi sogni con dedizione.","cute cartoon orange tabby cat standing on two legs wearing a blue and white striped t-shirt reading an open vintage book in cozy library, pixar 3d style, vertical 9:16|||cute cartoon orange tabby cat standing on two legs wearing a blue and white striped t-shirt looking out a bright window at a beautiful sunrise, pixar 3d style, vertical 9:16|||cute cartoon orange tabby cat standing on two legs wearing a blue and white striped t-shirt walking through a peaceful green park with blooming flowers, pixar 3d style, vertical 9:16|||cute cartoon orange tabby cat standing on two legs wearing a blue and white striped t-shirt smiling happily in front of a warm welcoming home, pixar 3d style, vertical 9:16"
284,Capolavoro Letterario 284,Alexandre Dumas,1834,Romanzo Psicologico,"Un viaggio straordinario attraverso le pagine di un'opera immortale, dove l'ingegno, il coraggio e la passione umana affrontano le prove più grandi. Ogni capitolo svela una lezione profonda sull'importanza dei legami autentici, della lealtà e della ricerca di un rifugio sicuro per l'anima. Custodisci la bellezza dei tuoi sogni con dedizione.","cute cartoon orange tabby cat standing on two legs wearing a blue and white striped t-shirt reading an open vintage book in cozy library, pixar 3d style, vertical 9:16|||cute cartoon orange tabby cat standing on two legs wearing a blue and white striped t-shirt looking out a bright window at a beautiful sunrise, pixar 3d style, vertical 9:16|||cute cartoon orange tabby cat standing on two legs wearing a blue and white striped t-shirt walking through a peaceful green park with blooming flowers, pixar 3d style, vertical 9:16|||cute cartoon orange tabby cat standing on two legs wearing a blue and white striped t-shirt smiling happily in front of a warm welcoming home, pixar 3d style, vertical 9:16"
285,Capolavoro Letterario 285,Arthur Conan Doyle,1835,Giallo d'Epoca,"Un viaggio straordinario attraverso le pagine di un'opera immortale, dove l'ingegno, il coraggio e la passione umana affrontano le prove più grandi. Ogni capitolo svela una lezione profonda sull'importanza dei legami autentici, della lealtà e della ricerca di un rifugio sicuro per l'anima. Custodisci la bellezza dei tuoi sogni con dedizione.","cute cartoon orange tabby cat standing on two legs wearing a blue and white striped t-shirt reading an open vintage book in cozy library, pixar 3d style, vertical 9:16|||cute cartoon orange tabby cat standing on two legs wearing a blue and white striped t-shirt looking out a bright window at a beautiful sunrise, pixar 3d style, vertical 9:16|||cute cartoon orange tabby cat standing on two legs wearing a blue and white striped t-shirt walking through a peaceful green park with blooming flowers, pixar 3d style, vertical 9:16|||cute cartoon orange tabby cat standing on two legs wearing a blue and white striped t-shirt smiling happily in front of a warm welcoming home, pixar 3d style, vertical 9:16"
286,Capolavoro Letterario 286,Herman Melville,1836,Epopea Marinara,"Un viaggio straordinario attraverso le pagine di un'opera immortale, dove l'ingegno, il coraggio e la passione umana affrontano le prove più grandi. Ogni capitolo svela una lezione profonda sull'importanza dei legami autentici, della lealtà e della ricerca di un rifugio sicuro per l'anima. Custodisci la bellezza dei tuoi sogni con dedizione.","cute cartoon orange tabby cat standing on two legs wearing a blue and white striped t-shirt reading an open vintage book in cozy library, pixar 3d style, vertical 9:16|||cute cartoon orange tabby cat standing on two legs wearing a blue and white striped t-shirt looking out a bright window at a beautiful sunrise, pixar 3d style, vertical 9:16|||cute cartoon orange tabby cat standing on two legs wearing a blue and white striped t-shirt walking through a peaceful green park with blooming flowers, pixar 3d style, vertical 9:16|||cute cartoon orange tabby cat standing on two legs wearing a blue and white striped t-shirt smiling happily in front of a warm welcoming home, pixar 3d style, vertical 9:16"
287,Capolavoro Letterario 287,Daniel Defoe,1837,Romanzo di Formazione,"Un viaggio straordinario attraverso le pagine di un'opera immortale, dove l'ingegno, il coraggio e la passione umana affrontano le prove più grandi. Ogni capitolo svela una lezione profonda sull'importanza dei legami autentici, della lealtà e della ricerca di un rifugio sicuro per l'anima. Custodisci la bellezza dei tuoi sogni con dedizione.","cute cartoon orange tabby cat standing on two legs wearing a blue and white striped t-shirt reading an open vintage book in cozy library, pixar 3d style, vertical 9:16|||cute cartoon orange tabby cat standing on two legs wearing a blue and white striped t-shirt looking out a bright window at a beautiful sunrise, pixar 3d style, vertical 9:16|||cute cartoon orange tabby cat standing on two legs wearing a blue and white striped t-shirt walking through a peaceful green park with blooming flowers, pixar 3d style, vertical 9:16|||cute cartoon orange tabby cat standing on two legs wearing a blue and white striped t-shirt smiling happily in front of a warm welcoming home, pixar 3d style, vertical 9:16"
288,Capolavoro Letterario 288,Jack London,1838,Gotico e Mistero,"Un viaggio straordinario attraverso le pagine di un'opera immortale, dove l'ingegno, il coraggio e la passione umana affrontano le prove più grandi. Ogni capitolo svela una lezione profonda sull'importanza dei legami autentici, della lealtà e della ricerca di un rifugio sicuro per l'anima. Custodisci la bellezza dei tuoi sogni con dedizione.","cute cartoon orange tabby cat standing on two legs wearing a blue and white striped t-shirt reading an open vintage book in cozy library, pixar 3d style, vertical 9:16|||cute cartoon orange tabby cat standing on two legs wearing a blue and white striped t-shirt looking out a bright window at a beautiful sunrise, pixar 3d style, vertical 9:16|||cute cartoon orange tabby cat standing on two legs wearing a blue and white striped t-shirt walking through a peaceful green park with blooming flowers, pixar 3d style, vertical 9:16|||cute cartoon orange tabby cat standing on two legs wearing a blue and white striped t-shirt smiling happily in front of a warm welcoming home, pixar 3d style, vertical 9:16"
289,Capolavoro Letterario 289,Jane Austen,1839,Romanzo d'Avventura,"Un viaggio straordinario attraverso le pagine di un'opera immortale, dove l'ingegno, il coraggio e la passione umana affrontano le prove più grandi. Ogni capitolo svela una lezione profonda sull'importanza dei legami autentici, della lealtà e della ricerca di un rifugio sicuro per l'anima. Custodisci la bellezza dei tuoi sogni con dedizione.","cute cartoon orange tabby cat standing on two legs wearing a blue and white striped t-shirt reading an open vintage book in cozy library, pixar 3d style, vertical 9:16|||cute cartoon orange tabby cat standing on two legs wearing a blue and white striped t-shirt looking out a bright window at a beautiful sunrise, pixar 3d style, vertical 9:16|||cute cartoon orange tabby cat standing on two legs wearing a blue and white striped t-shirt walking through a peaceful green park with blooming flowers, pixar 3d style, vertical 9:16|||cute cartoon orange tabby cat standing on two legs wearing a blue and white striped t-shirt smiling happily in front of a warm welcoming home, pixar 3d style, vertical 9:16"
290,Capolavoro Letterario 290,Mark Twain,1840,Classico della Letteratura,"Un viaggio straordinario attraverso le pagine di un'opera immortale, dove l'ingegno, il coraggio e la passione umana affrontano le prove più grandi. Ogni capitolo svela una lezione profonda sull'importanza dei legami autentici, della lealtà e della ricerca di un rifugio sicuro per l'anima. Custodisci la bellezza dei tuoi sogni con dedizione.","cute cartoon orange tabby cat standing on two legs wearing a blue and white striped t-shirt reading an open vintage book in cozy library, pixar 3d style, vertical 9:16|||cute cartoon orange tabby cat standing on two legs wearing a blue and white striped t-shirt looking out a bright window at a beautiful sunrise, pixar 3d style, vertical 9:16|||cute cartoon orange tabby cat standing on two legs wearing a blue and white striped t-shirt walking through a peaceful green park with blooming flowers, pixar 3d style, vertical 9:16|||cute cartoon orange tabby cat standing on two legs wearing a blue and white striped t-shirt smiling happily in front of a warm welcoming home, pixar 3d style, vertical 9:16"
291,Capolavoro Letterario 291,Edgar Allan Poe,1841,Romanzo Storico,"Un viaggio straordinario attraverso le pagine di un'opera immortale, dove l'ingegno, il coraggio e la passione umana affrontano le prove più grandi. Ogni capitolo svela una lezione profonda sull'importanza dei legami autentici, della lealtà e della ricerca di un rifugio sicuro per l'anima. Custodisci la bellezza dei tuoi sogni con dedizione.","cute cartoon orange tabby cat standing on two legs wearing a blue and white striped t-shirt reading an open vintage book in cozy library, pixar 3d style, vertical 9:16|||cute cartoon orange tabby cat standing on two legs wearing a blue and white striped t-shirt looking out a bright window at a beautiful sunrise, pixar 3d style, vertical 9:16|||cute cartoon orange tabby cat standing on two legs wearing a blue and white striped t-shirt walking through a peaceful green park with blooming flowers, pixar 3d style, vertical 9:16|||cute cartoon orange tabby cat standing on two legs wearing a blue and white striped t-shirt smiling happily in front of a warm welcoming home, pixar 3d style, vertical 9:16"
292,Capolavoro Letterario 292,Oscar Wilde,1842,Narrativa Fantastica,"Un viaggio straordinario attraverso le pagine di un'opera immortale, dove l'ingegno, il coraggio e la passione umana affrontano le prove più grandi. Ogni capitolo svela una lezione profonda sull'importanza dei legami autentici, della lealtà e della ricerca di un rifugio sicuro per l'anima. Custodisci la bellezza dei tuoi sogni con dedizione.","cute cartoon orange tabby cat standing on two legs wearing a blue and white striped t-shirt reading an open vintage book in cozy library, pixar 3d style, vertical 9:16|||cute cartoon orange tabby cat standing on two legs wearing a blue and white striped t-shirt looking out a bright window at a beautiful sunrise, pixar 3d style, vertical 9:16|||cute cartoon orange tabby cat standing on two legs wearing a blue and white striped t-shirt walking through a peaceful green park with blooming flowers, pixar 3d style, vertical 9:16|||cute cartoon orange tabby cat standing on two legs wearing a blue and white striped t-shirt smiling happily in front of a warm welcoming home, pixar 3d style, vertical 9:16"
293,Capolavoro Letterario 293,Emily Brontë,1843,Romanzo Psicologico,"Un viaggio straordinario attraverso le pagine di un'opera immortale, dove l'ingegno, il coraggio e la passione umana affrontano le prove più grandi. Ogni capitolo svela una lezione profonda sull'importanza dei legami autentici, della lealtà e della ricerca di un rifugio sicuro per l'anima. Custodisci la bellezza dei tuoi sogni con dedizione.","cute cartoon orange tabby cat standing on two legs wearing a blue and white striped t-shirt reading an open vintage book in cozy library, pixar 3d style, vertical 9:16|||cute cartoon orange tabby cat standing on two legs wearing a blue and white striped t-shirt looking out a bright window at a beautiful sunrise, pixar 3d style, vertical 9:16|||cute cartoon orange tabby cat standing on two legs wearing a blue and white striped t-shirt walking through a peaceful green park with blooming flowers, pixar 3d style, vertical 9:16|||cute cartoon orange tabby cat standing on two legs wearing a blue and white striped t-shirt smiling happily in front of a warm welcoming home, pixar 3d style, vertical 9:16"
294,Capolavoro Letterario 294,Charlotte Brontë,1844,Giallo d'Epoca,"Un viaggio straordinario attraverso le pagine di un'opera immortale, dove l'ingegno, il coraggio e la passione umana affrontano le prove più grandi. Ogni capitolo svela una lezione profonda sull'importanza dei legami autentici, della lealtà e della ricerca di un rifugio sicuro per l'anima. Custodisci la bellezza dei tuoi sogni con dedizione.","cute cartoon orange tabby cat standing on two legs wearing a blue and white striped t-shirt reading an open vintage book in cozy library, pixar 3d style, vertical 9:16|||cute cartoon orange tabby cat standing on two legs wearing a blue and white striped t-shirt looking out a bright window at a beautiful sunrise, pixar 3d style, vertical 9:16|||cute cartoon orange tabby cat standing on two legs wearing a blue and white striped t-shirt walking through a peaceful green park with blooming flowers, pixar 3d style, vertical 9:16|||cute cartoon orange tabby cat standing on two legs wearing a blue and white striped t-shirt smiling happily in front of a warm welcoming home, pixar 3d style, vertical 9:16"
295,Capolavoro Letterario 295,Lev Tolstoj,1845,Epopea Marinara,"Un viaggio straordinario attraverso le pagine di un'opera immortale, dove l'ingegno, il coraggio e la passione umana affrontano le prove più grandi. Ogni capitolo svela una lezione profonda sull'importanza dei legami autentici, della lealtà e della ricerca di un rifugio sicuro per l'anima. Custodisci la bellezza dei tuoi sogni con dedizione.","cute cartoon orange tabby cat standing on two legs wearing a blue and white striped t-shirt reading an open vintage book in cozy library, pixar 3d style, vertical 9:16|||cute cartoon orange tabby cat standing on two legs wearing a blue and white striped t-shirt looking out a bright window at a beautiful sunrise, pixar 3d style, vertical 9:16|||cute cartoon orange tabby cat standing on two legs wearing a blue and white striped t-shirt walking through a peaceful green park with blooming flowers, pixar 3d style, vertical 9:16|||cute cartoon orange tabby cat standing on two legs wearing a blue and white striped t-shirt smiling happily in front of a warm welcoming home, pixar 3d style, vertical 9:16"
296,Capolavoro Letterario 296,Fëdor Dostoevskij,1846,Romanzo di Formazione,"Un viaggio straordinario attraverso le pagine di un'opera immortale, dove l'ingegno, il coraggio e la passione umana affrontano le prove più grandi. Ogni capitolo svela una lezione profonda sull'importanza dei legami autentici, della lealtà e della ricerca di un rifugio sicuro per l'anima. Custodisci la bellezza dei tuoi sogni con dedizione.","cute cartoon orange tabby cat standing on two legs wearing a blue and white striped t-shirt reading an open vintage book in cozy library, pixar 3d style, vertical 9:16|||cute cartoon orange tabby cat standing on two legs wearing a blue and white striped t-shirt looking out a bright window at a beautiful sunrise, pixar 3d style, vertical 9:16|||cute cartoon orange tabby cat standing on two legs wearing a blue and white striped t-shirt walking through a peaceful green park with blooming flowers, pixar 3d style, vertical 9:16|||cute cartoon orange tabby cat standing on two legs wearing a blue and white striped t-shirt smiling happily in front of a warm welcoming home, pixar 3d style, vertical 9:16"
297,Capolavoro Letterario 297,Victor Hugo,1847,Gotico e Mistero,"Un viaggio straordinario attraverso le pagine di un'opera immortale, dove l'ingegno, il coraggio e la passione umana affrontano le prove più grandi. Ogni capitolo svela una lezione profonda sull'importanza dei legami autentici, della lealtà e della ricerca di un rifugio sicuro per l'anima. Custodisci la bellezza dei tuoi sogni con dedizione.","cute cartoon orange tabby cat standing on two legs wearing a blue and white striped t-shirt reading an open vintage book in cozy library, pixar 3d style, vertical 9:16|||cute cartoon orange tabby cat standing on two legs wearing a blue and white striped t-shirt looking out a bright window at a beautiful sunrise, pixar 3d style, vertical 9:16|||cute cartoon orange tabby cat standing on two legs wearing a blue and white striped t-shirt walking through a peaceful green park with blooming flowers, pixar 3d style, vertical 9:16|||cute cartoon orange tabby cat standing on two legs wearing a blue and white striped t-shirt smiling happily in front of a warm welcoming home, pixar 3d style, vertical 9:16"
298,Capolavoro Letterario 298,Stendhal,1848,Romanzo d'Avventura,"Un viaggio straordinario attraverso le pagine di un'opera immortale, dove l'ingegno, il coraggio e la passione umana affrontano le prove più grandi. Ogni capitolo svela una lezione profonda sull'importanza dei legami autentici, della lealtà e della ricerca di un rifugio sicuro per l'anima. Custodisci la bellezza dei tuoi sogni con dedizione.","cute cartoon orange tabby cat standing on two legs wearing a blue and white striped t-shirt reading an open vintage book in cozy library, pixar 3d style, vertical 9:16|||cute cartoon orange tabby cat standing on two legs wearing a blue and white striped t-shirt looking out a bright window at a beautiful sunrise, pixar 3d style, vertical 9:16|||cute cartoon orange tabby cat standing on two legs wearing a blue and white striped t-shirt walking through a peaceful green park with blooming flowers, pixar 3d style, vertical 9:16|||cute cartoon orange tabby cat standing on two legs wearing a blue and white striped t-shirt smiling happily in front of a warm welcoming home, pixar 3d style, vertical 9:16"
299,Capolavoro Letterario 299,Honoré de Balzac,1849,Classico della Letteratura,"Un viaggio straordinario attraverso le pagine di un'opera immortale, dove l'ingegno, il coraggio e la passione umana affrontano le prove più grandi. Ogni capitolo svela una lezione profonda sull'importanza dei legami autentici, della lealtà e della ricerca di un rifugio sicuro per l'anima. Custodisci la bellezza dei tuoi sogni con dedizione.","cute cartoon orange tabby cat standing on two legs wearing a blue and white striped t-shirt reading an open vintage book in cozy library, pixar 3d style, vertical 9:16|||cute cartoon orange tabby cat standing on two legs wearing a blue and white striped t-shirt looking out a bright window at a beautiful sunrise, pixar 3d style, vertical 9:16|||cute cartoon orange tabby cat standing on two legs wearing a blue and white striped t-shirt walking through a peaceful green park with blooming flowers, pixar 3d style, vertical 9:16|||cute cartoon orange tabby cat standing on two legs wearing a blue and white striped t-shirt smiling happily in front of a warm welcoming home, pixar 3d style, vertical 9:16"
300,Capolavoro Letterario 300,Ivan Turgenev,1850,Romanzo Storico,"Un viaggio straordinario attraverso le pagine di un'opera immortale, dove l'ingegno, il coraggio e la passione umana affrontano le prove più grandi. Ogni capitolo svela una lezione profonda sull'importanza dei legami autentici, della lealtà e della ricerca di un rifugio sicuro per l'anima. Custodisci la bellezza dei tuoi sogni con dedizione.","cute cartoon orange tabby cat standing on two legs wearing a blue and white striped t-shirt reading an open vintage book in cozy library, pixar 3d style, vertical 9:16|||cute cartoon orange tabby cat standing on two legs wearing a blue and white striped t-shirt looking out a bright window at a beautiful sunrise, pixar 3d style, vertical 9:16|||cute cartoon orange tabby cat standing on two legs wearing a blue and white striped t-shirt walking through a peaceful green park with blooming flowers, pixar 3d style, vertical 9:16|||cute cartoon orange tabby cat standing on two legs wearing a blue and white striped t-shirt smiling happily in front of a warm welcoming home, pixar 3d style, vertical 9:16"
301,Capolavoro Letterario 301,Jules Verne,1851,Narrativa Fantastica,"Un viaggio straordinario attraverso le pagine di un'opera immortale, dove l'ingegno, il coraggio e la passione umana affrontano le prove più grandi. Ogni capitolo svela una lezione profonda sull'importanza dei legami autentici, della lealtà e della ricerca di un rifugio sicuro per l'anima. Custodisci la bellezza dei tuoi sogni con dedizione.","cute cartoon orange tabby cat standing on two legs wearing a blue and white striped t-shirt reading an open vintage book in cozy library, pixar 3d style, vertical 9:16|||cute cartoon orange tabby cat standing on two legs wearing a blue and white striped t-shirt looking out a bright window at a beautiful sunrise, pixar 3d style, vertical 9:16|||cute cartoon orange tabby cat standing on two legs wearing a blue and white striped t-shirt walking through a peaceful green park with blooming flowers, pixar 3d style, vertical 9:16|||cute cartoon orange tabby cat standing on two legs wearing a blue and white striped t-shirt smiling happily in front of a warm welcoming home, pixar 3d style, vertical 9:16"
302,Capolavoro Letterario 302,Robert Louis Stevenson,1852,Romanzo Psicologico,"Un viaggio straordinario attraverso le pagine di un'opera immortale, dove l'ingegno, il coraggio e la passione umana affrontano le prove più grandi. Ogni capitolo svela una lezione profonda sull'importanza dei legami autentici, della lealtà e della ricerca di un rifugio sicuro per l'anima. Custodisci la bellezza dei tuoi sogni con dedizione.","cute cartoon orange tabby cat standing on two legs wearing a blue and white striped t-shirt reading an open vintage book in cozy library, pixar 3d style, vertical 9:16|||cute cartoon orange tabby cat standing on two legs wearing a blue and white striped t-shirt looking out a bright window at a beautiful sunrise, pixar 3d style, vertical 9:16|||cute cartoon orange tabby cat standing on two legs wearing a blue and white striped t-shirt walking through a peaceful green park with blooming flowers, pixar 3d style, vertical 9:16|||cute cartoon orange tabby cat standing on two legs wearing a blue and white striped t-shirt smiling happily in front of a warm welcoming home, pixar 3d style, vertical 9:16"
303,Capolavoro Letterario 303,Charles Dickens,1853,Giallo d'Epoca,"Un viaggio straordinario attraverso le pagine di un'opera immortale, dove l'ingegno, il coraggio e la passione umana affrontano le prove più grandi. Ogni capitolo svela una lezione profonda sull'importanza dei legami autentici, della lealtà e della ricerca di un rifugio sicuro per l'anima. Custodisci la bellezza dei tuoi sogni con dedizione.","cute cartoon orange tabby cat standing on two legs wearing a blue and white striped t-shirt reading an open vintage book in cozy library, pixar 3d style, vertical 9:16|||cute cartoon orange tabby cat standing on two legs wearing a blue and white striped t-shirt looking out a bright window at a beautiful sunrise, pixar 3d style, vertical 9:16|||cute cartoon orange tabby cat standing on two legs wearing a blue and white striped t-shirt walking through a peaceful green park with blooming flowers, pixar 3d style, vertical 9:16|||cute cartoon orange tabby cat standing on two legs wearing a blue and white striped t-shirt smiling happily in front of a warm welcoming home, pixar 3d style, vertical 9:16"
304,Capolavoro Letterario 304,Alexandre Dumas,1854,Epopea Marinara,"Un viaggio straordinario attraverso le pagine di un'opera immortale, dove l'ingegno, il coraggio e la passione umana affrontano le prove più grandi. Ogni capitolo svela una lezione profonda sull'importanza dei legami autentici, della lealtà e della ricerca di un rifugio sicuro per l'anima. Custodisci la bellezza dei tuoi sogni con dedizione.","cute cartoon orange tabby cat standing on two legs wearing a blue and white striped t-shirt reading an open vintage book in cozy library, pixar 3d style, vertical 9:16|||cute cartoon orange tabby cat standing on two legs wearing a blue and white striped t-shirt looking out a bright window at a beautiful sunrise, pixar 3d style, vertical 9:16|||cute cartoon orange tabby cat standing on two legs wearing a blue and white striped t-shirt walking through a peaceful green park with blooming flowers, pixar 3d style, vertical 9:16|||cute cartoon orange tabby cat standing on two legs wearing a blue and white striped t-shirt smiling happily in front of a warm welcoming home, pixar 3d style, vertical 9:16"
305,Capolavoro Letterario 305,Arthur Conan Doyle,1855,Romanzo di Formazione,"Un viaggio straordinario attraverso le pagine di un'opera immortale, dove l'ingegno, il coraggio e la passione umana affrontano le prove più grandi. Ogni capitolo svela una lezione profonda sull'importanza dei legami autentici, della lealtà e della ricerca di un rifugio sicuro per l'anima. Custodisci la bellezza dei tuoi sogni con dedizione.","cute cartoon orange tabby cat standing on two legs wearing a blue and white striped t-shirt reading an open vintage book in cozy library, pixar 3d style, vertical 9:16|||cute cartoon orange tabby cat standing on two legs wearing a blue and white striped t-shirt looking out a bright window at a beautiful sunrise, pixar 3d style, vertical 9:16|||cute cartoon orange tabby cat standing on two legs wearing a blue and white striped t-shirt walking through a peaceful green park with blooming flowers, pixar 3d style, vertical 9:16|||cute cartoon orange tabby cat standing on two legs wearing a blue and white striped t-shirt smiling happily in front of a warm welcoming home, pixar 3d style, vertical 9:16"
306,Capolavoro Letterario 306,Herman Melville,1856,Gotico e Mistero,"Un viaggio straordinario attraverso le pagine di un'opera immortale, dove l'ingegno, il coraggio e la passione umana affrontano le prove più grandi. Ogni capitolo svela una lezione profonda sull'importanza dei legami autentici, della lealtà e della ricerca di un rifugio sicuro per l'anima. Custodisci la bellezza dei tuoi sogni con dedizione.","cute cartoon orange tabby cat standing on two legs wearing a blue and white striped t-shirt reading an open vintage book in cozy library, pixar 3d style, vertical 9:16|||cute cartoon orange tabby cat standing on two legs wearing a blue and white striped t-shirt looking out a bright window at a beautiful sunrise, pixar 3d style, vertical 9:16|||cute cartoon orange tabby cat standing on two legs wearing a blue and white striped t-shirt walking through a peaceful green park with blooming flowers, pixar 3d style, vertical 9:16|||cute cartoon orange tabby cat standing on two legs wearing a blue and white striped t-shirt smiling happily in front of a warm welcoming home, pixar 3d style, vertical 9:16"
307,Capolavoro Letterario 307,Daniel Defoe,1857,Romanzo d'Avventura,"Un viaggio straordinario attraverso le pagine di un'opera immortale, dove l'ingegno, il coraggio e la passione umana affrontano le prove più grandi. Ogni capitolo svela una lezione profonda sull'importanza dei legami autentici, della lealtà e della ricerca di un rifugio sicuro per l'anima. Custodisci la bellezza dei tuoi sogni con dedizione.","cute cartoon orange tabby cat standing on two legs wearing a blue and white striped t-shirt reading an open vintage book in cozy library, pixar 3d style, vertical 9:16|||cute cartoon orange tabby cat standing on two legs wearing a blue and white striped t-shirt looking out a bright window at a beautiful sunrise, pixar 3d style, vertical 9:16|||cute cartoon orange tabby cat standing on two legs wearing a blue and white striped t-shirt walking through a peaceful green park with blooming flowers, pixar 3d style, vertical 9:16|||cute cartoon orange tabby cat standing on two legs wearing a blue and white striped t-shirt smiling happily in front of a warm welcoming home, pixar 3d style, vertical 9:16"
308,Capolavoro Letterario 308,Jack London,1858,Classico della Letteratura,"Un viaggio straordinario attraverso le pagine di un'opera immortale, dove l'ingegno, il coraggio e la passione umana affrontano le prove più grandi. Ogni capitolo svela una lezione profonda sull'importanza dei legami autentici, della lealtà e della ricerca di un rifugio sicuro per l'anima. Custodisci la bellezza dei tuoi sogni con dedizione.","cute cartoon orange tabby cat standing on two legs wearing a blue and white striped t-shirt reading an open vintage book in cozy library, pixar 3d style, vertical 9:16|||cute cartoon orange tabby cat standing on two legs wearing a blue and white striped t-shirt looking out a bright window at a beautiful sunrise, pixar 3d style, vertical 9:16|||cute cartoon orange tabby cat standing on two legs wearing a blue and white striped t-shirt walking through a peaceful green park with blooming flowers, pixar 3d style, vertical 9:16|||cute cartoon orange tabby cat standing on two legs wearing a blue and white striped t-shirt smiling happily in front of a warm welcoming home, pixar 3d style, vertical 9:16"
309,Capolavoro Letterario 309,Jane Austen,1859,Romanzo Storico,"Un viaggio straordinario attraverso le pagine di un'opera immortale, dove l'ingegno, il coraggio e la passione umana affrontano le prove più grandi. Ogni capitolo svela una lezione profonda sull'importanza dei legami autentici, della lealtà e della ricerca di un rifugio sicuro per l'anima. Custodisci la bellezza dei tuoi sogni con dedizione.","cute cartoon orange tabby cat standing on two legs wearing a blue and white striped t-shirt reading an open vintage book in cozy library, pixar 3d style, vertical 9:16|||cute cartoon orange tabby cat standing on two legs wearing a blue and white striped t-shirt looking out a bright window at a beautiful sunrise, pixar 3d style, vertical 9:16|||cute cartoon orange tabby cat standing on two legs wearing a blue and white striped t-shirt walking through a peaceful green park with blooming flowers, pixar 3d style, vertical 9:16|||cute cartoon orange tabby cat standing on two legs wearing a blue and white striped t-shirt smiling happily in front of a warm welcoming home, pixar 3d style, vertical 9:16"
310,Capolavoro Letterario 310,Mark Twain,1860,Narrativa Fantastica,"Un viaggio straordinario attraverso le pagine di un'opera immortale, dove l'ingegno, il coraggio e la passione umana affrontano le prove più grandi. Ogni capitolo svela una lezione profonda sull'importanza dei legami autentici, della lealtà e della ricerca di un rifugio sicuro per l'anima. Custodisci la bellezza dei tuoi sogni con dedizione.","cute cartoon orange tabby cat standing on two legs wearing a blue and white striped t-shirt reading an open vintage book in cozy library, pixar 3d style, vertical 9:16|||cute cartoon orange tabby cat standing on two legs wearing a blue and white striped t-shirt looking out a bright window at a beautiful sunrise, pixar 3d style, vertical 9:16|||cute cartoon orange tabby cat standing on two legs wearing a blue and white striped t-shirt walking through a peaceful green park with blooming flowers, pixar 3d style, vertical 9:16|||cute cartoon orange tabby cat standing on two legs wearing a blue and white striped t-shirt smiling happily in front of a warm welcoming home, pixar 3d style, vertical 9:16"
311,Capolavoro Letterario 311,Edgar Allan Poe,1861,Romanzo Psicologico,"Un viaggio straordinario attraverso le pagine di un'opera immortale, dove l'ingegno, il coraggio e la passione umana affrontano le prove più grandi. Ogni capitolo svela una lezione profonda sull'importanza dei legami autentici, della lealtà e della ricerca di un rifugio sicuro per l'anima. Custodisci la bellezza dei tuoi sogni con dedizione.","cute cartoon orange tabby cat standing on two legs wearing a blue and white striped t-shirt reading an open vintage book in cozy library, pixar 3d style, vertical 9:16|||cute cartoon orange tabby cat standing on two legs wearing a blue and white striped t-shirt looking out a bright window at a beautiful sunrise, pixar 3d style, vertical 9:16|||cute cartoon orange tabby cat standing on two legs wearing a blue and white striped t-shirt walking through a peaceful green park with blooming flowers, pixar 3d style, vertical 9:16|||cute cartoon orange tabby cat standing on two legs wearing a blue and white striped t-shirt smiling happily in front of a warm welcoming home, pixar 3d style, vertical 9:16"
312,Capolavoro Letterario 312,Oscar Wilde,1862,Giallo d'Epoca,"Un viaggio straordinario attraverso le pagine di un'opera immortale, dove l'ingegno, il coraggio e la passione umana affrontano le prove più grandi. Ogni capitolo svela una lezione profonda sull'importanza dei legami autentici, della lealtà e della ricerca di un rifugio sicuro per l'anima. Custodisci la bellezza dei tuoi sogni con dedizione.","cute cartoon orange tabby cat standing on two legs wearing a blue and white striped t-shirt reading an open vintage book in cozy library, pixar 3d style, vertical 9:16|||cute cartoon orange tabby cat standing on two legs wearing a blue and white striped t-shirt looking out a bright window at a beautiful sunrise, pixar 3d style, vertical 9:16|||cute cartoon orange tabby cat standing on two legs wearing a blue and white striped t-shirt walking through a peaceful green park with blooming flowers, pixar 3d style, vertical 9:16|||cute cartoon orange tabby cat standing on two legs wearing a blue and white striped t-shirt smiling happily in front of a warm welcoming home, pixar 3d style, vertical 9:16"
313,Capolavoro Letterario 313,Emily Brontë,1863,Epopea Marinara,"Un viaggio straordinario attraverso le pagine di un'opera immortale, dove l'ingegno, il coraggio e la passione umana affrontano le prove più grandi. Ogni capitolo svela una lezione profonda sull'importanza dei legami autentici, della lealtà e della ricerca di un rifugio sicuro per l'anima. Custodisci la bellezza dei tuoi sogni con dedizione.","cute cartoon orange tabby cat standing on two legs wearing a blue and white striped t-shirt reading an open vintage book in cozy library, pixar 3d style, vertical 9:16|||cute cartoon orange tabby cat standing on two legs wearing a blue and white striped t-shirt looking out a bright window at a beautiful sunrise, pixar 3d style, vertical 9:16|||cute cartoon orange tabby cat standing on two legs wearing a blue and white striped t-shirt walking through a peaceful green park with blooming flowers, pixar 3d style, vertical 9:16|||cute cartoon orange tabby cat standing on two legs wearing a blue and white striped t-shirt smiling happily in front of a warm welcoming home, pixar 3d style, vertical 9:16"
314,Capolavoro Letterario 314,Charlotte Brontë,1864,Romanzo di Formazione,"Un viaggio straordinario attraverso le pagine di un'opera immortale, dove l'ingegno, il coraggio e la passione umana affrontano le prove più grandi. Ogni capitolo svela una lezione profonda sull'importanza dei legami autentici, della lealtà e della ricerca di un rifugio sicuro per l'anima. Custodisci la bellezza dei tuoi sogni con dedizione.","cute cartoon orange tabby cat standing on two legs wearing a blue and white striped t-shirt reading an open vintage book in cozy library, pixar 3d style, vertical 9:16|||cute cartoon orange tabby cat standing on two legs wearing a blue and white striped t-shirt looking out a bright window at a beautiful sunrise, pixar 3d style, vertical 9:16|||cute cartoon orange tabby cat standing on two legs wearing a blue and white striped t-shirt walking through a peaceful green park with blooming flowers, pixar 3d style, vertical 9:16|||cute cartoon orange tabby cat standing on two legs wearing a blue and white striped t-shirt smiling happily in front of a warm welcoming home, pixar 3d style, vertical 9:16"
315,Capolavoro Letterario 315,Lev Tolstoj,1865,Gotico e Mistero,"Un viaggio straordinario attraverso le pagine di un'opera immortale, dove l'ingegno, il coraggio e la passione umana affrontano le prove più grandi. Ogni capitolo svela una lezione profonda sull'importanza dei legami autentici, della lealtà e della ricerca di un rifugio sicuro per l'anima. Custodisci la bellezza dei tuoi sogni con dedizione.","cute cartoon orange tabby cat standing on two legs wearing a blue and white striped t-shirt reading an open vintage book in cozy library, pixar 3d style, vertical 9:16|||cute cartoon orange tabby cat standing on two legs wearing a blue and white striped t-shirt looking out a bright window at a beautiful sunrise, pixar 3d style, vertical 9:16|||cute cartoon orange tabby cat standing on two legs wearing a blue and white striped t-shirt walking through a peaceful green park with blooming flowers, pixar 3d style, vertical 9:16|||cute cartoon orange tabby cat standing on two legs wearing a blue and white striped t-shirt smiling happily in front of a warm welcoming home, pixar 3d style, vertical 9:16"
316,Capolavoro Letterario 316,Fëdor Dostoevskij,1866,Romanzo d'Avventura,"Un viaggio straordinario attraverso le pagine di un'opera immortale, dove l'ingegno, il coraggio e la passione umana affrontano le prove più grandi. Ogni capitolo svela una lezione profonda sull'importanza dei legami autentici, della lealtà e della ricerca di un rifugio sicuro per l'anima. Custodisci la bellezza dei tuoi sogni con dedizione.","cute cartoon orange tabby cat standing on two legs wearing a blue and white striped t-shirt reading an open vintage book in cozy library, pixar 3d style, vertical 9:16|||cute cartoon orange tabby cat standing on two legs wearing a blue and white striped t-shirt looking out a bright window at a beautiful sunrise, pixar 3d style, vertical 9:16|||cute cartoon orange tabby cat standing on two legs wearing a blue and white striped t-shirt walking through a peaceful green park with blooming flowers, pixar 3d style, vertical 9:16|||cute cartoon orange tabby cat standing on two legs wearing a blue and white striped t-shirt smiling happily in front of a warm welcoming home, pixar 3d style, vertical 9:16"
317,Capolavoro Letterario 317,Victor Hugo,1867,Classico della Letteratura,"Un viaggio straordinario attraverso le pagine di un'opera immortale, dove l'ingegno, il coraggio e la passione umana affrontano le prove più grandi. Ogni capitolo svela una lezione profonda sull'importanza dei legami autentici, della lealtà e della ricerca di un rifugio sicuro per l'anima. Custodisci la bellezza dei tuoi sogni con dedizione.","cute cartoon orange tabby cat standing on two legs wearing a blue and white striped t-shirt reading an open vintage book in cozy library, pixar 3d style, vertical 9:16|||cute cartoon orange tabby cat standing on two legs wearing a blue and white striped t-shirt looking out a bright window at a beautiful sunrise, pixar 3d style, vertical 9:16|||cute cartoon orange tabby cat standing on two legs wearing a blue and white striped t-shirt walking through a peaceful green park with blooming flowers, pixar 3d style, vertical 9:16|||cute cartoon orange tabby cat standing on two legs wearing a blue and white striped t-shirt smiling happily in front of a warm welcoming home, pixar 3d style, vertical 9:16"
318,Capolavoro Letterario 318,Stendhal,1868,Romanzo Storico,"Un viaggio straordinario attraverso le pagine di un'opera immortale, dove l'ingegno, il coraggio e la passione umana affrontano le prove più grandi. Ogni capitolo svela una lezione profonda sull'importanza dei legami autentici, della lealtà e della ricerca di un rifugio sicuro per l'anima. Custodisci la bellezza dei tuoi sogni con dedizione.","cute cartoon orange tabby cat standing on two legs wearing a blue and white striped t-shirt reading an open vintage book in cozy library, pixar 3d style, vertical 9:16|||cute cartoon orange tabby cat standing on two legs wearing a blue and white striped t-shirt looking out a bright window at a beautiful sunrise, pixar 3d style, vertical 9:16|||cute cartoon orange tabby cat standing on two legs wearing a blue and white striped t-shirt walking through a peaceful green park with blooming flowers, pixar 3d style, vertical 9:16|||cute cartoon orange tabby cat standing on two legs wearing a blue and white striped t-shirt smiling happily in front of a warm welcoming home, pixar 3d style, vertical 9:16"
319,Capolavoro Letterario 319,Honoré de Balzac,1869,Narrativa Fantastica,"Un viaggio straordinario attraverso le pagine di un'opera immortale, dove l'ingegno, il coraggio e la passione umana affrontano le prove più grandi. Ogni capitolo svela una lezione profonda sull'importanza dei legami autentici, della lealtà e della ricerca di un rifugio sicuro per l'anima. Custodisci la bellezza dei tuoi sogni con dedizione.","cute cartoon orange tabby cat standing on two legs wearing a blue and white striped t-shirt reading an open vintage book in cozy library, pixar 3d style, vertical 9:16|||cute cartoon orange tabby cat standing on two legs wearing a blue and white striped t-shirt looking out a bright window at a beautiful sunrise, pixar 3d style, vertical 9:16|||cute cartoon orange tabby cat standing on two legs wearing a blue and white striped t-shirt walking through a peaceful green park with blooming flowers, pixar 3d style, vertical 9:16|||cute cartoon orange tabby cat standing on two legs wearing a blue and white striped t-shirt smiling happily in front of a warm welcoming home, pixar 3d style, vertical 9:16"
320,Capolavoro Letterario 320,Ivan Turgenev,1870,Romanzo Psicologico,"Un viaggio straordinario attraverso le pagine di un'opera immortale, dove l'ingegno, il coraggio e la passione umana affrontano le prove più grandi. Ogni capitolo svela una lezione profonda sull'importanza dei legami autentici, della lealtà e della ricerca di un rifugio sicuro per l'anima. Custodisci la bellezza dei tuoi sogni con dedizione.","cute cartoon orange tabby cat standing on two legs wearing a blue and white striped t-shirt reading an open vintage book in cozy library, pixar 3d style, vertical 9:16|||cute cartoon orange tabby cat standing on two legs wearing a blue and white striped t-shirt looking out a bright window at a beautiful sunrise, pixar 3d style, vertical 9:16|||cute cartoon orange tabby cat standing on two legs wearing a blue and white striped t-shirt walking through a peaceful green park with blooming flowers, pixar 3d style, vertical 9:16|||cute cartoon orange tabby cat standing on two legs wearing a blue and white striped t-shirt smiling happily in front of a warm welcoming home, pixar 3d style, vertical 9:16"
321,Capolavoro Letterario 321,Jules Verne,1871,Giallo d'Epoca,"Un viaggio straordinario attraverso le pagine di un'opera immortale, dove l'ingegno, il coraggio e la passione umana affrontano le prove più grandi. Ogni capitolo svela una lezione profonda sull'importanza dei legami autentici, della lealtà e della ricerca di un rifugio sicuro per l'anima. Custodisci la bellezza dei tuoi sogni con dedizione.","cute cartoon orange tabby cat standing on two legs wearing a blue and white striped t-shirt reading an open vintage book in cozy library, pixar 3d style, vertical 9:16|||cute cartoon orange tabby cat standing on two legs wearing a blue and white striped t-shirt looking out a bright window at a beautiful sunrise, pixar 3d style, vertical 9:16|||cute cartoon orange tabby cat standing on two legs wearing a blue and white striped t-shirt walking through a peaceful green park with blooming flowers, pixar 3d style, vertical 9:16|||cute cartoon orange tabby cat standing on two legs wearing a blue and white striped t-shirt smiling happily in front of a warm welcoming home, pixar 3d style, vertical 9:16"
322,Capolavoro Letterario 322,Robert Louis Stevenson,1872,Epopea Marinara,"Un viaggio straordinario attraverso le pagine di un'opera immortale, dove l'ingegno, il coraggio e la passione umana affrontano le prove più grandi. Ogni capitolo svela una lezione profonda sull'importanza dei legami autentici, della lealtà e della ricerca di un rifugio sicuro per l'anima. Custodisci la bellezza dei tuoi sogni con dedizione.","cute cartoon orange tabby cat standing on two legs wearing a blue and white striped t-shirt reading an open vintage book in cozy library, pixar 3d style, vertical 9:16|||cute cartoon orange tabby cat standing on two legs wearing a blue and white striped t-shirt looking out a bright window at a beautiful sunrise, pixar 3d style, vertical 9:16|||cute cartoon orange tabby cat standing on two legs wearing a blue and white striped t-shirt walking through a peaceful green park with blooming flowers, pixar 3d style, vertical 9:16|||cute cartoon orange tabby cat standing on two legs wearing a blue and white striped t-shirt smiling happily in front of a warm welcoming home, pixar 3d style, vertical 9:16"
323,Capolavoro Letterario 323,Charles Dickens,1873,Romanzo di Formazione,"Un viaggio straordinario attraverso le pagine di un'opera immortale, dove l'ingegno, il coraggio e la passione umana affrontano le prove più grandi. Ogni capitolo svela una lezione profonda sull'importanza dei legami autentici, della lealtà e della ricerca di un rifugio sicuro per l'anima. Custodisci la bellezza dei tuoi sogni con dedizione.","cute cartoon orange tabby cat standing on two legs wearing a blue and white striped t-shirt reading an open vintage book in cozy library, pixar 3d style, vertical 9:16|||cute cartoon orange tabby cat standing on two legs wearing a blue and white striped t-shirt looking out a bright window at a beautiful sunrise, pixar 3d style, vertical 9:16|||cute cartoon orange tabby cat standing on two legs wearing a blue and white striped t-shirt walking through a peaceful green park with blooming flowers, pixar 3d style, vertical 9:16|||cute cartoon orange tabby cat standing on two legs wearing a blue and white striped t-shirt smiling happily in front of a warm welcoming home, pixar 3d style, vertical 9:16"
324,Capolavoro Letterario 324,Alexandre Dumas,1874,Gotico e Mistero,"Un viaggio straordinario attraverso le pagine di un'opera immortale, dove l'ingegno, il coraggio e la passione umana affrontano le prove più grandi. Ogni capitolo svela una lezione profonda sull'importanza dei legami autentici, della lealtà e della ricerca di un rifugio sicuro per l'anima. Custodisci la bellezza dei tuoi sogni con dedizione.","cute cartoon orange tabby cat standing on two legs wearing a blue and white striped t-shirt reading an open vintage book in cozy library, pixar 3d style, vertical 9:16|||cute cartoon orange tabby cat standing on two legs wearing a blue and white striped t-shirt looking out a bright window at a beautiful sunrise, pixar 3d style, vertical 9:16|||cute cartoon orange tabby cat standing on two legs wearing a blue and white striped t-shirt walking through a peaceful green park with blooming flowers, pixar 3d style, vertical 9:16|||cute cartoon orange tabby cat standing on two legs wearing a blue and white striped t-shirt smiling happily in front of a warm welcoming home, pixar 3d style, vertical 9:16"
325,Capolavoro Letterario 325,Arthur Conan Doyle,1875,Romanzo d'Avventura,"Un viaggio straordinario attraverso le pagine di un'opera immortale, dove l'ingegno, il coraggio e la passione umana affrontano le prove più grandi. Ogni capitolo svela una lezione profonda sull'importanza dei legami autentici, della lealtà e della ricerca di un rifugio sicuro per l'anima. Custodisci la bellezza dei tuoi sogni con dedizione.","cute cartoon orange tabby cat standing on two legs wearing a blue and white striped t-shirt reading an open vintage book in cozy library, pixar 3d style, vertical 9:16|||cute cartoon orange tabby cat standing on two legs wearing a blue and white striped t-shirt looking out a bright window at a beautiful sunrise, pixar 3d style, vertical 9:16|||cute cartoon orange tabby cat standing on two legs wearing a blue and white striped t-shirt walking through a peaceful green park with blooming flowers, pixar 3d style, vertical 9:16|||cute cartoon orange tabby cat standing on two legs wearing a blue and white striped t-shirt smiling happily in front of a warm welcoming home, pixar 3d style, vertical 9:16"
326,Capolavoro Letterario 326,Herman Melville,1876,Classico della Letteratura,"Un viaggio straordinario attraverso le pagine di un'opera immortale, dove l'ingegno, il coraggio e la passione umana affrontano le prove più grandi. Ogni capitolo svela una lezione profonda sull'importanza dei legami autentici, della lealtà e della ricerca di un rifugio sicuro per l'anima. Custodisci la bellezza dei tuoi sogni con dedizione.","cute cartoon orange tabby cat standing on two legs wearing a blue and white striped t-shirt reading an open vintage book in cozy library, pixar 3d style, vertical 9:16|||cute cartoon orange tabby cat standing on two legs wearing a blue and white striped t-shirt looking out a bright window at a beautiful sunrise, pixar 3d style, vertical 9:16|||cute cartoon orange tabby cat standing on two legs wearing a blue and white striped t-shirt walking through a peaceful green park with blooming flowers, pixar 3d style, vertical 9:16|||cute cartoon orange tabby cat standing on two legs wearing a blue and white striped t-shirt smiling happily in front of a warm welcoming home, pixar 3d style, vertical 9:16"
327,Capolavoro Letterario 327,Daniel Defoe,1877,Romanzo Storico,"Un viaggio straordinario attraverso le pagine di un'opera immortale, dove l'ingegno, il coraggio e la passione umana affrontano le prove più grandi. Ogni capitolo svela una lezione profonda sull'importanza dei legami autentici, della lealtà e della ricerca di un rifugio sicuro per l'anima. Custodisci la bellezza dei tuoi sogni con dedizione.","cute cartoon orange tabby cat standing on two legs wearing a blue and white striped t-shirt reading an open vintage book in cozy library, pixar 3d style, vertical 9:16|||cute cartoon orange tabby cat standing on two legs wearing a blue and white striped t-shirt looking out a bright window at a beautiful sunrise, pixar 3d style, vertical 9:16|||cute cartoon orange tabby cat standing on two legs wearing a blue and white striped t-shirt walking through a peaceful green park with blooming flowers, pixar 3d style, vertical 9:16|||cute cartoon orange tabby cat standing on two legs wearing a blue and white striped t-shirt smiling happily in front of a warm welcoming home, pixar 3d style, vertical 9:16"
328,Capolavoro Letterario 328,Jack London,1878,Narrativa Fantastica,"Un viaggio straordinario attraverso le pagine di un'opera immortale, dove l'ingegno, il coraggio e la passione umana affrontano le prove più grandi. Ogni capitolo svela una lezione profonda sull'importanza dei legami autentici, della lealtà e della ricerca di un rifugio sicuro per l'anima. Custodisci la bellezza dei tuoi sogni con dedizione.","cute cartoon orange tabby cat standing on two legs wearing a blue and white striped t-shirt reading an open vintage book in cozy library, pixar 3d style, vertical 9:16|||cute cartoon orange tabby cat standing on two legs wearing a blue and white striped t-shirt looking out a bright window at a beautiful sunrise, pixar 3d style, vertical 9:16|||cute cartoon orange tabby cat standing on two legs wearing a blue and white striped t-shirt walking through a peaceful green park with blooming flowers, pixar 3d style, vertical 9:16|||cute cartoon orange tabby cat standing on two legs wearing a blue and white striped t-shirt smiling happily in front of a warm welcoming home, pixar 3d style, vertical 9:16"
329,Capolavoro Letterario 329,Jane Austen,1879,Romanzo Psicologico,"Un viaggio straordinario attraverso le pagine di un'opera immortale, dove l'ingegno, il coraggio e la passione umana affrontano le prove più grandi. Ogni capitolo svela una lezione profonda sull'importanza dei legami autentici, della lealtà e della ricerca di un rifugio sicuro per l'anima. Custodisci la bellezza dei tuoi sogni con dedizione.","cute cartoon orange tabby cat standing on two legs wearing a blue and white striped t-shirt reading an open vintage book in cozy library, pixar 3d style, vertical 9:16|||cute cartoon orange tabby cat standing on two legs wearing a blue and white striped t-shirt looking out a bright window at a beautiful sunrise, pixar 3d style, vertical 9:16|||cute cartoon orange tabby cat standing on two legs wearing a blue and white striped t-shirt walking through a peaceful green park with blooming flowers, pixar 3d style, vertical 9:16|||cute cartoon orange tabby cat standing on two legs wearing a blue and white striped t-shirt smiling happily in front of a warm welcoming home, pixar 3d style, vertical 9:16"
330,Capolavoro Letterario 330,Mark Twain,1880,Giallo d'Epoca,"Un viaggio straordinario attraverso le pagine di un'opera immortale, dove l'ingegno, il coraggio e la passione umana affrontano le prove più grandi. Ogni capitolo svela una lezione profonda sull'importanza dei legami autentici, della lealtà e della ricerca di un rifugio sicuro per l'anima. Custodisci la bellezza dei tuoi sogni con dedizione.","cute cartoon orange tabby cat standing on two legs wearing a blue and white striped t-shirt reading an open vintage book in cozy library, pixar 3d style, vertical 9:16|||cute cartoon orange tabby cat standing on two legs wearing a blue and white striped t-shirt looking out a bright window at a beautiful sunrise, pixar 3d style, vertical 9:16|||cute cartoon orange tabby cat standing on two legs wearing a blue and white striped t-shirt walking through a peaceful green park with blooming flowers, pixar 3d style, vertical 9:16|||cute cartoon orange tabby cat standing on two legs wearing a blue and white striped t-shirt smiling happily in front of a warm welcoming home, pixar 3d style, vertical 9:16"
331,Capolavoro Letterario 331,Edgar Allan Poe,1881,Epopea Marinara,"Un viaggio straordinario attraverso le pagine di un'opera immortale, dove l'ingegno, il coraggio e la passione umana affrontano le prove più grandi. Ogni capitolo svela una lezione profonda sull'importanza dei legami autentici, della lealtà e della ricerca di un rifugio sicuro per l'anima. Custodisci la bellezza dei tuoi sogni con dedizione.","cute cartoon orange tabby cat standing on two legs wearing a blue and white striped t-shirt reading an open vintage book in cozy library, pixar 3d style, vertical 9:16|||cute cartoon orange tabby cat standing on two legs wearing a blue and white striped t-shirt looking out a bright window at a beautiful sunrise, pixar 3d style, vertical 9:16|||cute cartoon orange tabby cat standing on two legs wearing a blue and white striped t-shirt walking through a peaceful green park with blooming flowers, pixar 3d style, vertical 9:16|||cute cartoon orange tabby cat standing on two legs wearing a blue and white striped t-shirt smiling happily in front of a warm welcoming home, pixar 3d style, vertical 9:16"
332,Capolavoro Letterario 332,Oscar Wilde,1882,Romanzo di Formazione,"Un viaggio straordinario attraverso le pagine di un'opera immortale, dove l'ingegno, il coraggio e la passione umana affrontano le prove più grandi. Ogni capitolo svela una lezione profonda sull'importanza dei legami autentici, della lealtà e della ricerca di un rifugio sicuro per l'anima. Custodisci la bellezza dei tuoi sogni con dedizione.","cute cartoon orange tabby cat standing on two legs wearing a blue and white striped t-shirt reading an open vintage book in cozy library, pixar 3d style, vertical 9:16|||cute cartoon orange tabby cat standing on two legs wearing a blue and white striped t-shirt looking out a bright window at a beautiful sunrise, pixar 3d style, vertical 9:16|||cute cartoon orange tabby cat standing on two legs wearing a blue and white striped t-shirt walking through a peaceful green park with blooming flowers, pixar 3d style, vertical 9:16|||cute cartoon orange tabby cat standing on two legs wearing a blue and white striped t-shirt smiling happily in front of a warm welcoming home, pixar 3d style, vertical 9:16"
333,Capolavoro Letterario 333,Emily Brontë,1883,Gotico e Mistero,"Un viaggio straordinario attraverso le pagine di un'opera immortale, dove l'ingegno, il coraggio e la passione umana affrontano le prove più grandi. Ogni capitolo svela una lezione profonda sull'importanza dei legami autentici, della lealtà e della ricerca di un rifugio sicuro per l'anima. Custodisci la bellezza dei tuoi sogni con dedizione.","cute cartoon orange tabby cat standing on two legs wearing a blue and white striped t-shirt reading an open vintage book in cozy library, pixar 3d style, vertical 9:16|||cute cartoon orange tabby cat standing on two legs wearing a blue and white striped t-shirt looking out a bright window at a beautiful sunrise, pixar 3d style, vertical 9:16|||cute cartoon orange tabby cat standing on two legs wearing a blue and white striped t-shirt walking through a peaceful green park with blooming flowers, pixar 3d style, vertical 9:16|||cute cartoon orange tabby cat standing on two legs wearing a blue and white striped t-shirt smiling happily in front of a warm welcoming home, pixar 3d style, vertical 9:16"
334,Capolavoro Letterario 334,Charlotte Brontë,1884,Romanzo d'Avventura,"Un viaggio straordinario attraverso le pagine di un'opera immortale, dove l'ingegno, il coraggio e la passione umana affrontano le prove più grandi. Ogni capitolo svela una lezione profonda sull'importanza dei legami autentici, della lealtà e della ricerca di un rifugio sicuro per l'anima. Custodisci la bellezza dei tuoi sogni con dedizione.","cute cartoon orange tabby cat standing on two legs wearing a blue and white striped t-shirt reading an open vintage book in cozy library, pixar 3d style, vertical 9:16|||cute cartoon orange tabby cat standing on two legs wearing a blue and white striped t-shirt looking out a bright window at a beautiful sunrise, pixar 3d style, vertical 9:16|||cute cartoon orange tabby cat standing on two legs wearing a blue and white striped t-shirt walking through a peaceful green park with blooming flowers, pixar 3d style, vertical 9:16|||cute cartoon orange tabby cat standing on two legs wearing a blue and white striped t-shirt smiling happily in front of a warm welcoming home, pixar 3d style, vertical 9:16"
335,Capolavoro Letterario 335,Lev Tolstoj,1885,Classico della Letteratura,"Un viaggio straordinario attraverso le pagine di un'opera immortale, dove l'ingegno, il coraggio e la passione umana affrontano le prove più grandi. Ogni capitolo svela una lezione profonda sull'importanza dei legami autentici, della lealtà e della ricerca di un rifugio sicuro per l'anima. Custodisci la bellezza dei tuoi sogni con dedizione.","cute cartoon orange tabby cat standing on two legs wearing a blue and white striped t-shirt reading an open vintage book in cozy library, pixar 3d style, vertical 9:16|||cute cartoon orange tabby cat standing on two legs wearing a blue and white striped t-shirt looking out a bright window at a beautiful sunrise, pixar 3d style, vertical 9:16|||cute cartoon orange tabby cat standing on two legs wearing a blue and white striped t-shirt walking through a peaceful green park with blooming flowers, pixar 3d style, vertical 9:16|||cute cartoon orange tabby cat standing on two legs wearing a blue and white striped t-shirt smiling happily in front of a warm welcoming home, pixar 3d style, vertical 9:16"
336,Capolavoro Letterario 336,Fëdor Dostoevskij,1886,Romanzo Storico,"Un viaggio straordinario attraverso le pagine di un'opera immortale, dove l'ingegno, il coraggio e la passione umana affrontano le prove più grandi. Ogni capitolo svela una lezione profonda sull'importanza dei legami autentici, della lealtà e della ricerca di un rifugio sicuro per l'anima. Custodisci la bellezza dei tuoi sogni con dedizione.","cute cartoon orange tabby cat standing on two legs wearing a blue and white striped t-shirt reading an open vintage book in cozy library, pixar 3d style, vertical 9:16|||cute cartoon orange tabby cat standing on two legs wearing a blue and white striped t-shirt looking out a bright window at a beautiful sunrise, pixar 3d style, vertical 9:16|||cute cartoon orange tabby cat standing on two legs wearing a blue and white striped t-shirt walking through a peaceful green park with blooming flowers, pixar 3d style, vertical 9:16|||cute cartoon orange tabby cat standing on two legs wearing a blue and white striped t-shirt smiling happily in front of a warm welcoming home, pixar 3d style, vertical 9:16"
337,Capolavoro Letterario 337,Victor Hugo,1887,Narrativa Fantastica,"Un viaggio straordinario attraverso le pagine di un'opera immortale, dove l'ingegno, il coraggio e la passione umana affrontano le prove più grandi. Ogni capitolo svela una lezione profonda sull'importanza dei legami autentici, della lealtà e della ricerca di un rifugio sicuro per l'anima. Custodisci la bellezza dei tuoi sogni con dedizione.","cute cartoon orange tabby cat standing on two legs wearing a blue and white striped t-shirt reading an open vintage book in cozy library, pixar 3d style, vertical 9:16|||cute cartoon orange tabby cat standing on two legs wearing a blue and white striped t-shirt looking out a bright window at a beautiful sunrise, pixar 3d style, vertical 9:16|||cute cartoon orange tabby cat standing on two legs wearing a blue and white striped t-shirt walking through a peaceful green park with blooming flowers, pixar 3d style, vertical 9:16|||cute cartoon orange tabby cat standing on two legs wearing a blue and white striped t-shirt smiling happily in front of a warm welcoming home, pixar 3d style, vertical 9:16"
338,Capolavoro Letterario 338,Stendhal,1888,Romanzo Psicologico,"Un viaggio straordinario attraverso le pagine di un'opera immortale, dove l'ingegno, il coraggio e la passione umana affrontano le prove più grandi. Ogni capitolo svela una lezione profonda sull'importanza dei legami autentici, della lealtà e della ricerca di un rifugio sicuro per l'anima. Custodisci la bellezza dei tuoi sogni con dedizione.","cute cartoon orange tabby cat standing on two legs wearing a blue and white striped t-shirt reading an open vintage book in cozy library, pixar 3d style, vertical 9:16|||cute cartoon orange tabby cat standing on two legs wearing a blue and white striped t-shirt looking out a bright window at a beautiful sunrise, pixar 3d style, vertical 9:16|||cute cartoon orange tabby cat standing on two legs wearing a blue and white striped t-shirt walking through a peaceful green park with blooming flowers, pixar 3d style, vertical 9:16|||cute cartoon orange tabby cat standing on two legs wearing a blue and white striped t-shirt smiling happily in front of a warm welcoming home, pixar 3d style, vertical 9:16"
339,Capolavoro Letterario 339,Honoré de Balzac,1889,Giallo d'Epoca,"Un viaggio straordinario attraverso le pagine di un'opera immortale, dove l'ingegno, il coraggio e la passione umana affrontano le prove più grandi. Ogni capitolo svela una lezione profonda sull'importanza dei legami autentici, della lealtà e della ricerca di un rifugio sicuro per l'anima. Custodisci la bellezza dei tuoi sogni con dedizione.","cute cartoon orange tabby cat standing on two legs wearing a blue and white striped t-shirt reading an open vintage book in cozy library, pixar 3d style, vertical 9:16|||cute cartoon orange tabby cat standing on two legs wearing a blue and white striped t-shirt looking out a bright window at a beautiful sunrise, pixar 3d style, vertical 9:16|||cute cartoon orange tabby cat standing on two legs wearing a blue and white striped t-shirt walking through a peaceful green park with blooming flowers, pixar 3d style, vertical 9:16|||cute cartoon orange tabby cat standing on two legs wearing a blue and white striped t-shirt smiling happily in front of a warm welcoming home, pixar 3d style, vertical 9:16"
340,Capolavoro Letterario 340,Ivan Turgenev,1890,Epopea Marinara,"Un viaggio straordinario attraverso le pagine di un'opera immortale, dove l'ingegno, il coraggio e la passione umana affrontano le prove più grandi. Ogni capitolo svela una lezione profonda sull'importanza dei legami autentici, della lealtà e della ricerca di un rifugio sicuro per l'anima. Custodisci la bellezza dei tuoi sogni con dedizione.","cute cartoon orange tabby cat standing on two legs wearing a blue and white striped t-shirt reading an open vintage book in cozy library, pixar 3d style, vertical 9:16|||cute cartoon orange tabby cat standing on two legs wearing a blue and white striped t-shirt looking out a bright window at a beautiful sunrise, pixar 3d style, vertical 9:16|||cute cartoon orange tabby cat standing on two legs wearing a blue and white striped t-shirt walking through a peaceful green park with blooming flowers, pixar 3d style, vertical 9:16|||cute cartoon orange tabby cat standing on two legs wearing a blue and white striped t-shirt smiling happily in front of a warm welcoming home, pixar 3d style, vertical 9:16"
341,Capolavoro Letterario 341,Jules Verne,1891,Romanzo di Formazione,"Un viaggio straordinario attraverso le pagine di un'opera immortale, dove l'ingegno, il coraggio e la passione umana affrontano le prove più grandi. Ogni capitolo svela una lezione profonda sull'importanza dei legami autentici, della lealtà e della ricerca di un rifugio sicuro per l'anima. Custodisci la bellezza dei tuoi sogni con dedizione.","cute cartoon orange tabby cat standing on two legs wearing a blue and white striped t-shirt reading an open vintage book in cozy library, pixar 3d style, vertical 9:16|||cute cartoon orange tabby cat standing on two legs wearing a blue and white striped t-shirt looking out a bright window at a beautiful sunrise, pixar 3d style, vertical 9:16|||cute cartoon orange tabby cat standing on two legs wearing a blue and white striped t-shirt walking through a peaceful green park with blooming flowers, pixar 3d style, vertical 9:16|||cute cartoon orange tabby cat standing on two legs wearing a blue and white striped t-shirt smiling happily in front of a warm welcoming home, pixar 3d style, vertical 9:16"
342,Capolavoro Letterario 342,Robert Louis Stevenson,1892,Gotico e Mistero,"Un viaggio straordinario attraverso le pagine di un'opera immortale, dove l'ingegno, il coraggio e la passione umana affrontano le prove più grandi. Ogni capitolo svela una lezione profonda sull'importanza dei legami autentici, della lealtà e della ricerca di un rifugio sicuro per l'anima. Custodisci la bellezza dei tuoi sogni con dedizione.","cute cartoon orange tabby cat standing on two legs wearing a blue and white striped t-shirt reading an open vintage book in cozy library, pixar 3d style, vertical 9:16|||cute cartoon orange tabby cat standing on two legs wearing a blue and white striped t-shirt looking out a bright window at a beautiful sunrise, pixar 3d style, vertical 9:16|||cute cartoon orange tabby cat standing on two legs wearing a blue and white striped t-shirt walking through a peaceful green park with blooming flowers, pixar 3d style, vertical 9:16|||cute cartoon orange tabby cat standing on two legs wearing a blue and white striped t-shirt smiling happily in front of a warm welcoming home, pixar 3d style, vertical 9:16"
343,Capolavoro Letterario 343,Charles Dickens,1893,Romanzo d'Avventura,"Un viaggio straordinario attraverso le pagine di un'opera immortale, dove l'ingegno, il coraggio e la passione umana affrontano le prove più grandi. Ogni capitolo svela una lezione profonda sull'importanza dei legami autentici, della lealtà e della ricerca di un rifugio sicuro per l'anima. Custodisci la bellezza dei tuoi sogni con dedizione.","cute cartoon orange tabby cat standing on two legs wearing a blue and white striped t-shirt reading an open vintage book in cozy library, pixar 3d style, vertical 9:16|||cute cartoon orange tabby cat standing on two legs wearing a blue and white striped t-shirt looking out a bright window at a beautiful sunrise, pixar 3d style, vertical 9:16|||cute cartoon orange tabby cat standing on two legs wearing a blue and white striped t-shirt walking through a peaceful green park with blooming flowers, pixar 3d style, vertical 9:16|||cute cartoon orange tabby cat standing on two legs wearing a blue and white striped t-shirt smiling happily in front of a warm welcoming home, pixar 3d style, vertical 9:16"
344,Capolavoro Letterario 344,Alexandre Dumas,1894,Classico della Letteratura,"Un viaggio straordinario attraverso le pagine di un'opera immortale, dove l'ingegno, il coraggio e la passione umana affrontano le prove più grandi. Ogni capitolo svela una lezione profonda sull'importanza dei legami autentici, della lealtà e della ricerca di un rifugio sicuro per l'anima. Custodisci la bellezza dei tuoi sogni con dedizione.","cute cartoon orange tabby cat standing on two legs wearing a blue and white striped t-shirt reading an open vintage book in cozy library, pixar 3d style, vertical 9:16|||cute cartoon orange tabby cat standing on two legs wearing a blue and white striped t-shirt looking out a bright window at a beautiful sunrise, pixar 3d style, vertical 9:16|||cute cartoon orange tabby cat standing on two legs wearing a blue and white striped t-shirt walking through a peaceful green park with blooming flowers, pixar 3d style, vertical 9:16|||cute cartoon orange tabby cat standing on two legs wearing a blue and white striped t-shirt smiling happily in front of a warm welcoming home, pixar 3d style, vertical 9:16"
345,Capolavoro Letterario 345,Arthur Conan Doyle,1895,Romanzo Storico,"Un viaggio straordinario attraverso le pagine di un'opera immortale, dove l'ingegno, il coraggio e la passione umana affrontano le prove più grandi. Ogni capitolo svela una lezione profonda sull'importanza dei legami autentici, della lealtà e della ricerca di un rifugio sicuro per l'anima. Custodisci la bellezza dei tuoi sogni con dedizione.","cute cartoon orange tabby cat standing on two legs wearing a blue and white striped t-shirt reading an open vintage book in cozy library, pixar 3d style, vertical 9:16|||cute cartoon orange tabby cat standing on two legs wearing a blue and white striped t-shirt looking out a bright window at a beautiful sunrise, pixar 3d style, vertical 9:16|||cute cartoon orange tabby cat standing on two legs wearing a blue and white striped t-shirt walking through a peaceful green park with blooming flowers, pixar 3d style, vertical 9:16|||cute cartoon orange tabby cat standing on two legs wearing a blue and white striped t-shirt smiling happily in front of a warm welcoming home, pixar 3d style, vertical 9:16"
346,Capolavoro Letterario 346,Herman Melville,1896,Narrativa Fantastica,"Un viaggio straordinario attraverso le pagine di un'opera immortale, dove l'ingegno, il coraggio e la passione umana affrontano le prove più grandi. Ogni capitolo svela una lezione profonda sull'importanza dei legami autentici, della lealtà e della ricerca di un rifugio sicuro per l'anima. Custodisci la bellezza dei tuoi sogni con dedizione.","cute cartoon orange tabby cat standing on two legs wearing a blue and white striped t-shirt reading an open vintage book in cozy library, pixar 3d style, vertical 9:16|||cute cartoon orange tabby cat standing on two legs wearing a blue and white striped t-shirt looking out a bright window at a beautiful sunrise, pixar 3d style, vertical 9:16|||cute cartoon orange tabby cat standing on two legs wearing a blue and white striped t-shirt walking through a peaceful green park with blooming flowers, pixar 3d style, vertical 9:16|||cute cartoon orange tabby cat standing on two legs wearing a blue and white striped t-shirt smiling happily in front of a warm welcoming home, pixar 3d style, vertical 9:16"
347,Capolavoro Letterario 347,Daniel Defoe,1897,Romanzo Psicologico,"Un viaggio straordinario attraverso le pagine di un'opera immortale, dove l'ingegno, il coraggio e la passione umana affrontano le prove più grandi. Ogni capitolo svela una lezione profonda sull'importanza dei legami autentici, della lealtà e della ricerca di un rifugio sicuro per l'anima. Custodisci la bellezza dei tuoi sogni con dedizione.","cute cartoon orange tabby cat standing on two legs wearing a blue and white striped t-shirt reading an open vintage book in cozy library, pixar 3d style, vertical 9:16|||cute cartoon orange tabby cat standing on two legs wearing a blue and white striped t-shirt looking out a bright window at a beautiful sunrise, pixar 3d style, vertical 9:16|||cute cartoon orange tabby cat standing on two legs wearing a blue and white striped t-shirt walking through a peaceful green park with blooming flowers, pixar 3d style, vertical 9:16|||cute cartoon orange tabby cat standing on two legs wearing a blue and white striped t-shirt smiling happily in front of a warm welcoming home, pixar 3d style, vertical 9:16"
348,Capolavoro Letterario 348,Jack London,1898,Giallo d'Epoca,"Un viaggio straordinario attraverso le pagine di un'opera immortale, dove l'ingegno, il coraggio e la passione umana affrontano le prove più grandi. Ogni capitolo svela una lezione profonda sull'importanza dei legami autentici, della lealtà e della ricerca di un rifugio sicuro per l'anima. Custodisci la bellezza dei tuoi sogni con dedizione.","cute cartoon orange tabby cat standing on two legs wearing a blue and white striped t-shirt reading an open vintage book in cozy library, pixar 3d style, vertical 9:16|||cute cartoon orange tabby cat standing on two legs wearing a blue and white striped t-shirt looking out a bright window at a beautiful sunrise, pixar 3d style, vertical 9:16|||cute cartoon orange tabby cat standing on two legs wearing a blue and white striped t-shirt walking through a peaceful green park with blooming flowers, pixar 3d style, vertical 9:16|||cute cartoon orange tabby cat standing on two legs wearing a blue and white striped t-shirt smiling happily in front of a warm welcoming home, pixar 3d style, vertical 9:16"
349,Capolavoro Letterario 349,Jane Austen,1899,Epopea Marinara,"Un viaggio straordinario attraverso le pagine di un'opera immortale, dove l'ingegno, il coraggio e la passione umana affrontano le prove più grandi. Ogni capitolo svela una lezione profonda sull'importanza dei legami autentici, della lealtà e della ricerca di un rifugio sicuro per l'anima. Custodisci la bellezza dei tuoi sogni con dedizione.","cute cartoon orange tabby cat standing on two legs wearing a blue and white striped t-shirt reading an open vintage book in cozy library, pixar 3d style, vertical 9:16|||cute cartoon orange tabby cat standing on two legs wearing a blue and white striped t-shirt looking out a bright window at a beautiful sunrise, pixar 3d style, vertical 9:16|||cute cartoon orange tabby cat standing on two legs wearing a blue and white striped t-shirt walking through a peaceful green park with blooming flowers, pixar 3d style, vertical 9:16|||cute cartoon orange tabby cat standing on two legs wearing a blue and white striped t-shirt smiling happily in front of a warm welcoming home, pixar 3d style, vertical 9:16"
350,Capolavoro Letterario 350,Mark Twain,1900,Romanzo di Formazione,"Un viaggio straordinario attraverso le pagine di un'opera immortale, dove l'ingegno, il coraggio e la passione umana affrontano le prove più grandi. Ogni capitolo svela una lezione profonda sull'importanza dei legami autentici, della lealtà e della ricerca di un rifugio sicuro per l'anima. Custodisci la bellezza dei tuoi sogni con dedizione.","cute cartoon orange tabby cat standing on two legs wearing a blue and white striped t-shirt reading an open vintage book in cozy library, pixar 3d style, vertical 9:16|||cute cartoon orange tabby cat standing on two legs wearing a blue and white striped t-shirt looking out a bright window at a beautiful sunrise, pixar 3d style, vertical 9:16|||cute cartoon orange tabby cat standing on two legs wearing a blue and white striped t-shirt walking through a peaceful green park with blooming flowers, pixar 3d style, vertical 9:16|||cute cartoon orange tabby cat standing on two legs wearing a blue and white striped t-shirt smiling happily in front of a warm welcoming home, pixar 3d style, vertical 9:16"
351,Capolavoro Letterario 351,Edgar Allan Poe,1901,Gotico e Mistero,"Un viaggio straordinario attraverso le pagine di un'opera immortale, dove l'ingegno, il coraggio e la passione umana affrontano le prove più grandi. Ogni capitolo svela una lezione profonda sull'importanza dei legami autentici, della lealtà e della ricerca di un rifugio sicuro per l'anima. Custodisci la bellezza dei tuoi sogni con dedizione.","cute cartoon orange tabby cat standing on two legs wearing a blue and white striped t-shirt reading an open vintage book in cozy library, pixar 3d style, vertical 9:16|||cute cartoon orange tabby cat standing on two legs wearing a blue and white striped t-shirt looking out a bright window at a beautiful sunrise, pixar 3d style, vertical 9:16|||cute cartoon orange tabby cat standing on two legs wearing a blue and white striped t-shirt walking through a peaceful green park with blooming flowers, pixar 3d style, vertical 9:16|||cute cartoon orange tabby cat standing on two legs wearing a blue and white striped t-shirt smiling happily in front of a warm welcoming home, pixar 3d style, vertical 9:16"
352,Capolavoro Letterario 352,Oscar Wilde,1902,Romanzo d'Avventura,"Un viaggio straordinario attraverso le pagine di un'opera immortale, dove l'ingegno, il coraggio e la passione umana affrontano le prove più grandi. Ogni capitolo svela una lezione profonda sull'importanza dei legami autentici, della lealtà e della ricerca di un rifugio sicuro per l'anima. Custodisci la bellezza dei tuoi sogni con dedizione.","cute cartoon orange tabby cat standing on two legs wearing a blue and white striped t-shirt reading an open vintage book in cozy library, pixar 3d style, vertical 9:16|||cute cartoon orange tabby cat standing on two legs wearing a blue and white striped t-shirt looking out a bright window at a beautiful sunrise, pixar 3d style, vertical 9:16|||cute cartoon orange tabby cat standing on two legs wearing a blue and white striped t-shirt walking through a peaceful green park with blooming flowers, pixar 3d style, vertical 9:16|||cute cartoon orange tabby cat standing on two legs wearing a blue and white striped t-shirt smiling happily in front of a warm welcoming home, pixar 3d style, vertical 9:16"
353,Capolavoro Letterario 353,Emily Brontë,1903,Classico della Letteratura,"Un viaggio straordinario attraverso le pagine di un'opera immortale, dove l'ingegno, il coraggio e la passione umana affrontano le prove più grandi. Ogni capitolo svela una lezione profonda sull'importanza dei legami autentici, della lealtà e della ricerca di un rifugio sicuro per l'anima. Custodisci la bellezza dei tuoi sogni con dedizione.","cute cartoon orange tabby cat standing on two legs wearing a blue and white striped t-shirt reading an open vintage book in cozy library, pixar 3d style, vertical 9:16|||cute cartoon orange tabby cat standing on two legs wearing a blue and white striped t-shirt looking out a bright window at a beautiful sunrise, pixar 3d style, vertical 9:16|||cute cartoon orange tabby cat standing on two legs wearing a blue and white striped t-shirt walking through a peaceful green park with blooming flowers, pixar 3d style, vertical 9:16|||cute cartoon orange tabby cat standing on two legs wearing a blue and white striped t-shirt smiling happily in front of a warm welcoming home, pixar 3d style, vertical 9:16"
354,Capolavoro Letterario 354,Charlotte Brontë,1904,Romanzo Storico,"Un viaggio straordinario attraverso le pagine di un'opera immortale, dove l'ingegno, il coraggio e la passione umana affrontano le prove più grandi. Ogni capitolo svela una lezione profonda sull'importanza dei legami autentici, della lealtà e della ricerca di un rifugio sicuro per l'anima. Custodisci la bellezza dei tuoi sogni con dedizione.","cute cartoon orange tabby cat standing on two legs wearing a blue and white striped t-shirt reading an open vintage book in cozy library, pixar 3d style, vertical 9:16|||cute cartoon orange tabby cat standing on two legs wearing a blue and white striped t-shirt looking out a bright window at a beautiful sunrise, pixar 3d style, vertical 9:16|||cute cartoon orange tabby cat standing on two legs wearing a blue and white striped t-shirt walking through a peaceful green park with blooming flowers, pixar 3d style, vertical 9:16|||cute cartoon orange tabby cat standing on two legs wearing a blue and white striped t-shirt smiling happily in front of a warm welcoming home, pixar 3d style, vertical 9:16"
355,Capolavoro Letterario 355,Lev Tolstoj,1905,Narrativa Fantastica,"Un viaggio straordinario attraverso le pagine di un'opera immortale, dove l'ingegno, il coraggio e la passione umana affrontano le prove più grandi. Ogni capitolo svela una lezione profonda sull'importanza dei legami autentici, della lealtà e della ricerca di un rifugio sicuro per l'anima. Custodisci la bellezza dei tuoi sogni con dedizione.","cute cartoon orange tabby cat standing on two legs wearing a blue and white striped t-shirt reading an open vintage book in cozy library, pixar 3d style, vertical 9:16|||cute cartoon orange tabby cat standing on two legs wearing a blue and white striped t-shirt looking out a bright window at a beautiful sunrise, pixar 3d style, vertical 9:16|||cute cartoon orange tabby cat standing on two legs wearing a blue and white striped t-shirt walking through a peaceful green park with blooming flowers, pixar 3d style, vertical 9:16|||cute cartoon orange tabby cat standing on two legs wearing a blue and white striped t-shirt smiling happily in front of a warm welcoming home, pixar 3d style, vertical 9:16"
356,Capolavoro Letterario 356,Fëdor Dostoevskij,1906,Romanzo Psicologico,"Un viaggio straordinario attraverso le pagine di un'opera immortale, dove l'ingegno, il coraggio e la passione umana affrontano le prove più grandi. Ogni capitolo svela una lezione profonda sull'importanza dei legami autentici, della lealtà e della ricerca di un rifugio sicuro per l'anima. Custodisci la bellezza dei tuoi sogni con dedizione.","cute cartoon orange tabby cat standing on two legs wearing a blue and white striped t-shirt reading an open vintage book in cozy library, pixar 3d style, vertical 9:16|||cute cartoon orange tabby cat standing on two legs wearing a blue and white striped t-shirt looking out a bright window at a beautiful sunrise, pixar 3d style, vertical 9:16|||cute cartoon orange tabby cat standing on two legs wearing a blue and white striped t-shirt walking through a peaceful green park with blooming flowers, pixar 3d style, vertical 9:16|||cute cartoon orange tabby cat standing on two legs wearing a blue and white striped t-shirt smiling happily in front of a warm welcoming home, pixar 3d style, vertical 9:16"
357,Capolavoro Letterario 357,Victor Hugo,1907,Giallo d'Epoca,"Un viaggio straordinario attraverso le pagine di un'opera immortale, dove l'ingegno, il coraggio e la passione umana affrontano le prove più grandi. Ogni capitolo svela una lezione profonda sull'importanza dei legami autentici, della lealtà e della ricerca di un rifugio sicuro per l'anima. Custodisci la bellezza dei tuoi sogni con dedizione.","cute cartoon orange tabby cat standing on two legs wearing a blue and white striped t-shirt reading an open vintage book in cozy library, pixar 3d style, vertical 9:16|||cute cartoon orange tabby cat standing on two legs wearing a blue and white striped t-shirt looking out a bright window at a beautiful sunrise, pixar 3d style, vertical 9:16|||cute cartoon orange tabby cat standing on two legs wearing a blue and white striped t-shirt walking through a peaceful green park with blooming flowers, pixar 3d style, vertical 9:16|||cute cartoon orange tabby cat standing on two legs wearing a blue and white striped t-shirt smiling happily in front of a warm welcoming home, pixar 3d style, vertical 9:16"
358,Capolavoro Letterario 358,Stendhal,1908,Epopea Marinara,"Un viaggio straordinario attraverso le pagine di un'opera immortale, dove l'ingegno, il coraggio e la passione umana affrontano le prove più grandi. Ogni capitolo svela una lezione profonda sull'importanza dei legami autentici, della lealtà e della ricerca di un rifugio sicuro per l'anima. Custodisci la bellezza dei tuoi sogni con dedizione.","cute cartoon orange tabby cat standing on two legs wearing a blue and white striped t-shirt reading an open vintage book in cozy library, pixar 3d style, vertical 9:16|||cute cartoon orange tabby cat standing on two legs wearing a blue and white striped t-shirt looking out a bright window at a beautiful sunrise, pixar 3d style, vertical 9:16|||cute cartoon orange tabby cat standing on two legs wearing a blue and white striped t-shirt walking through a peaceful green park with blooming flowers, pixar 3d style, vertical 9:16|||cute cartoon orange tabby cat standing on two legs wearing a blue and white striped t-shirt smiling happily in front of a warm welcoming home, pixar 3d style, vertical 9:16"
359,Capolavoro Letterario 359,Honoré de Balzac,1909,Romanzo di Formazione,"Un viaggio straordinario attraverso le pagine di un'opera immortale, dove l'ingegno, il coraggio e la passione umana affrontano le prove più grandi. Ogni capitolo svela una lezione profonda sull'importanza dei legami autentici, della lealtà e della ricerca di un rifugio sicuro per l'anima. Custodisci la bellezza dei tuoi sogni con dedizione.","cute cartoon orange tabby cat standing on two legs wearing a blue and white striped t-shirt reading an open vintage book in cozy library, pixar 3d style, vertical 9:16|||cute cartoon orange tabby cat standing on two legs wearing a blue and white striped t-shirt looking out a bright window at a beautiful sunrise, pixar 3d style, vertical 9:16|||cute cartoon orange tabby cat standing on two legs wearing a blue and white striped t-shirt walking through a peaceful green park with blooming flowers, pixar 3d style, vertical 9:16|||cute cartoon orange tabby cat standing on two legs wearing a blue and white striped t-shirt smiling happily in front of a warm welcoming home, pixar 3d style, vertical 9:16"
360,Capolavoro Letterario 360,Ivan Turgenev,1820,Gotico e Mistero,"Un viaggio straordinario attraverso le pagine di un'opera immortale, dove l'ingegno, il coraggio e la passione umana affrontano le prove più grandi. Ogni capitolo svela una lezione profonda sull'importanza dei legami autentici, della lealtà e della ricerca di un rifugio sicuro per l'anima. Custodisci la bellezza dei tuoi sogni con dedizione.","cute cartoon orange tabby cat standing on two legs wearing a blue and white striped t-shirt reading an open vintage book in cozy library, pixar 3d style, vertical 9:16|||cute cartoon orange tabby cat standing on two legs wearing a blue and white striped t-shirt looking out a bright window at a beautiful sunrise, pixar 3d style, vertical 9:16|||cute cartoon orange tabby cat standing on two legs wearing a blue and white striped t-shirt walking through a peaceful green park with blooming flowers, pixar 3d style, vertical 9:16|||cute cartoon orange tabby cat standing on two legs wearing a blue and white striped t-shirt smiling happily in front of a warm welcoming home, pixar 3d style, vertical 9:16"
361,Capolavoro Letterario 361,Jules Verne,1821,Romanzo d'Avventura,"Un viaggio straordinario attraverso le pagine di un'opera immortale, dove l'ingegno, il coraggio e la passione umana affrontano le prove più grandi. Ogni capitolo svela una lezione profonda sull'importanza dei legami autentici, della lealtà e della ricerca di un rifugio sicuro per l'anima. Custodisci la bellezza dei tuoi sogni con dedizione.","cute cartoon orange tabby cat standing on two legs wearing a blue and white striped t-shirt reading an open vintage book in cozy library, pixar 3d style, vertical 9:16|||cute cartoon orange tabby cat standing on two legs wearing a blue and white striped t-shirt looking out a bright window at a beautiful sunrise, pixar 3d style, vertical 9:16|||cute cartoon orange tabby cat standing on two legs wearing a blue and white striped t-shirt walking through a peaceful green park with blooming flowers, pixar 3d style, vertical 9:16|||cute cartoon orange tabby cat standing on two legs wearing a blue and white striped t-shirt smiling happily in front of a warm welcoming home, pixar 3d style, vertical 9:16"
362,Capolavoro Letterario 362,Robert Louis Stevenson,1822,Classico della Letteratura,"Un viaggio straordinario attraverso le pagine di un'opera immortale, dove l'ingegno, il coraggio e la passione umana affrontano le prove più grandi. Ogni capitolo svela una lezione profonda sull'importanza dei legami autentici, della lealtà e della ricerca di un rifugio sicuro per l'anima. Custodisci la bellezza dei tuoi sogni con dedizione.","cute cartoon orange tabby cat standing on two legs wearing a blue and white striped t-shirt reading an open vintage book in cozy library, pixar 3d style, vertical 9:16|||cute cartoon orange tabby cat standing on two legs wearing a blue and white striped t-shirt looking out a bright window at a beautiful sunrise, pixar 3d style, vertical 9:16|||cute cartoon orange tabby cat standing on two legs wearing a blue and white striped t-shirt walking through a peaceful green park with blooming flowers, pixar 3d style, vertical 9:16|||cute cartoon orange tabby cat standing on two legs wearing a blue and white striped t-shirt smiling happily in front of a warm welcoming home, pixar 3d style, vertical 9:16"
363,Capolavoro Letterario 363,Charles Dickens,1823,Romanzo Storico,"Un viaggio straordinario attraverso le pagine di un'opera immortale, dove l'ingegno, il coraggio e la passione umana affrontano le prove più grandi. Ogni capitolo svela una lezione profonda sull'importanza dei legami autentici, della lealtà e della ricerca di un rifugio sicuro per l'anima. Custodisci la bellezza dei tuoi sogni con dedizione.","cute cartoon orange tabby cat standing on two legs wearing a blue and white striped t-shirt reading an open vintage book in cozy library, pixar 3d style, vertical 9:16|||cute cartoon orange tabby cat standing on two legs wearing a blue and white striped t-shirt looking out a bright window at a beautiful sunrise, pixar 3d style, vertical 9:16|||cute cartoon orange tabby cat standing on two legs wearing a blue and white striped t-shirt walking through a peaceful green park with blooming flowers, pixar 3d style, vertical 9:16|||cute cartoon orange tabby cat standing on two legs wearing a blue and white striped t-shirt smiling happily in front of a warm welcoming home, pixar 3d style, vertical 9:16"
364,Capolavoro Letterario 364,Alexandre Dumas,1824,Narrativa Fantastica,"Un viaggio straordinario attraverso le pagine di un'opera immortale, dove l'ingegno, il coraggio e la passione umana affrontano le prove più grandi. Ogni capitolo svela una lezione profonda sull'importanza dei legami autentici, della lealtà e della ricerca di un rifugio sicuro per l'anima. Custodisci la bellezza dei tuoi sogni con dedizione.","cute cartoon orange tabby cat standing on two legs wearing a blue and white striped t-shirt reading an open vintage book in cozy library, pixar 3d style, vertical 9:16|||cute cartoon orange tabby cat standing on two legs wearing a blue and white striped t-shirt looking out a bright window at a beautiful sunrise, pixar 3d style, vertical 9:16|||cute cartoon orange tabby cat standing on two legs wearing a blue and white striped t-shirt walking through a peaceful green park with blooming flowers, pixar 3d style, vertical 9:16|||cute cartoon orange tabby cat standing on two legs wearing a blue and white striped t-shirt smiling happily in front of a warm welcoming home, pixar 3d style, vertical 9:16"
365,Capolavoro Letterario 365,Arthur Conan Doyle,1825,Romanzo Psicologico,"Un viaggio straordinario attraverso le pagine di un'opera immortale, dove l'ingegno, il coraggio e la passione umana affrontano le prove più grandi. Ogni capitolo svela una lezione profonda sull'importanza dei legami autentici, della lealtà e della ricerca di un rifugio sicuro per l'anima. Custodisci la bellezza dei tuoi sogni con dedizione.","cute cartoon orange tabby cat standing on two legs wearing a blue and white striped t-shirt reading an open vintage book in cozy library, pixar 3d style, vertical 9:16|||cute cartoon orange tabby cat standing on two legs wearing a blue and white striped t-shirt looking out a bright window at a beautiful sunrise, pixar 3d style, vertical 9:16|||cute cartoon orange tabby cat standing on two legs wearing a blue and white striped t-shirt walking through a peaceful green park with blooming flowers, pixar 3d style, vertical 9:16|||cute cartoon orange tabby cat standing on two legs wearing a blue and white striped t-shirt smiling happily in front of a warm welcoming home, pixar 3d style, vertical 9:16"
